x1,x2,x3,x4,x5,target
6.540243338070741,4.807319482813801,6.115844479946613,4.30662683510361,0.10847500710062885,1
8.589069110661395,5.72160900157602,2.328391541688355,4.129111888319433,1.3376524130564469,1
4.206370013789481,1.9748504495756831,2.4718532119150565,4.730793233940852,5.181240682128287,0
2.125757646896026,1.9493239783590497,1.993076275526574,4.331030249834305,6.137727245424206,0
3.818178209897744,5.9233992156667075,3.4376623114482356,3.8029971197099,2.6949087693928897,1
1.34097815224474,1.9341255989937218,2.3576638617439114,4.289768267721029,2.751221304392289,0
5.077828107861048,5.063411117707511,3.854188199858023,1.665582394951036,0.5412634831130154,1
3.3932659184875917,6.180617562341305,3.8622963519890927,3.6665708430216286,3.382720495655269,1
2.0598200455836926,2.9825126531769968,0.24359646733755635,2.5059268017847325,5.538200720990857,0
6.072963621756228,7.346608661405389,4.722679740039506,3.4404810048692878,2.363216463332215,1
1.6055617409630598,2.664986375994074,1.8665860677933028,3.6164502458465173,4.067921462375577,0
5.308769966868322,7.500559691886702,4.260512381859792,4.431021578647127,3.2908211448347666,1
5.513754038101517,5.574080951513534,4.48130592915784,3.37908273140981,2.849755069199926,1
3.4091708606507307,7.003052162047081,3.5014393445109944,3.123919059133113,1.7842428327456559,1
2.1623966859771095,2.585678863388982,0.6990544515343422,3.2929974059938467,5.184070024721217,0
3.904733104295891,5.438398649048869,3.1182279685860532,2.467266866236626,2.5137882525544737,1
0.8414451363880449,3.931976885015518,-0.4634833592002019,3.2165759350859506,6.244410676188473,0
4.373747140703,5.671274166252588,3.7764737589502184,2.3720814963518007,3.04055142625181,1
2.1653877100100334,3.7288307385263604,0.6502098127450624,2.4704193568181205,4.548782139968193,0
2.5534245076380877,3.1161950163508934,2.632540308573824,4.34553244131151,5.813260952433669,0
2.8250781054126644,1.685811717164778,-0.4464934341243214,4.801984890639008,3.8977043398876585,0
5.756048481831721,7.098281087244163,4.862636908739476,3.0352244259639933,2.617092892081306,1
3.03028119612505,2.662315438790059,0.9171894502030415,4.519692124241681,4.275134086681751,0
3.0047942220097603,4.207795026028752,1.8660428323588212,4.414558328273973,5.011601841295104,0
2.7967932246315863,1.7460967443905744,1.5857894004951754,3.866317900272055,4.537967018864416,0
1.4782203421197233,3.107383872434306,1.823844310657734,4.10645026309289,3.375332470010195,0
2.0717918887415028,3.9023735675153777,-0.5036203801697523,3.3798730949293176,5.7123064224350575,0
3.2383374384225956,2.9735236380289476,2.553506056249344,4.837623341301109,4.800243572532617,0
2.2752884372401043,6.427987542767913,5.723013449891173,2.319472633393281,1.5918297426962704,1
1.0255918862130162,1.9696720678561832,0.21869000893781954,3.138917645251665,7.4300077665123645,0
1.6632682366576548,4.189281425175225,2.544274585281882,4.058607907177529,5.586826837592301,0
3.3768546293575996,6.565010102498645,5.567714361105937,1.3729398635523453,0.549899041496545,1
4.728822761931516,6.3587110264443645,4.1270646760512,3.88981468334974,0.755269211406175,1
5.302730982652239,4.875088604596003,3.492355043404325,3.0604353576177368,2.106075332677862,1
5.237064730760753,4.039637889849893,5.219258582066562,0.9902953111484711,1.9502519193844399,1
5.685765645798236,5.408047254744248,5.251364904515317,2.870388166832007,0.6468003495939842,1
5.404469177794706,7.126056773739478,4.920671816000976,4.077240413533524,0.1280876955487693,1
3.795058593905287,5.146408105598371,6.3091743254022,1.1635504848045577,1.6867758125638839,1
3.6552089480354772,6.628291851762461,3.4454783105926987,3.2321831471249176,2.434032814275809,1
4.807853294047081,7.549203232297821,3.3420908074227134,4.5131639282888765,2.9000606456364975,1
4.4361112152768785,5.528657281690642,3.1541594093113146,2.7655880347613637,1.6793342750802218,1
4.3088149290484905,5.927850542031074,3.146876160477614,4.143298468575182,1.086503669582153,1
4.074603076484154,7.435413479885656,4.0861811929909715,3.9470549405204034,1.9873032496625298,1
6.068835678038065,4.911849706540361,4.109555565814421,2.799353072409299,2.132488695516333,1
3.6311736863558695,5.89958671000686,4.8519513999994395,3.04339576168726,1.641492600703105,1
2.0407609396521424,4.10312963405133,2.5471632683329104,4.443489842465182,6.0964677048410145,0
2.534219553520125,1.863302228682024,0.3685771719375721,4.630122163014707,3.690749591011575,0
6.199194685899686,5.368952530134138,3.914492329388965,3.728630519597414,3.3509738002881457,1
4.055413982323409,4.7569210787788965,2.553697907761626,3.890655233732053,0.6251118591805955,1
5.971921545397407,5.992832134371954,4.694315386088357,4.5918338266806185,2.1823468518091595,1
1.1565239507690084,2.1789318152629145,2.22756719848923,4.152735622583093,4.133517194993989,0
4.726615143132962,6.399234320113935,3.13358780025143,2.0015900623549276,1.27074139858252,1
1.6378056996435306,2.655545193062929,1.257907081470751,4.4100005978265155,5.175964648292986,0
7.195654637011417,5.379515479415431,4.036551466336938,2.275841889416504,2.187169308955224,1
2.903690720868703,7.13156706312609,3.297705494694238,3.750425545736833,0.6743483907133112,1
5.264352378207002,5.2792010372963,5.286127278627909,3.3811859617001505,3.3826988986673907,1
5.107169652732558,6.690144247035828,3.192632290429018,3.6420748222780377,2.388089235920983,1
2.5579700740991216,3.4282844830151604,-0.22153830314941647,4.437217777578589,4.994970213623879,0
3.1595575369659334,2.3699631960832788,0.19603262909401287,4.120755847503069,6.089097919062386,0
1.1319024636427226,2.715436542437456,1.3763158861860916,3.4384144788709787,4.9341297524543855,0
2.3621758665029926,3.392216773775586,1.3973694157403624,5.115204655262065,5.104805341053459,0
2.9967309747893354,2.478968148824089,2.500975906730295,4.84165227505247,6.70696182754695,0
4.739481821702982,4.238044157482523,5.932683780221638,2.9759353862411877,2.608496058157454,1
5.248430212096093,4.381003241885079,4.096075089999509,4.3074074453413544,1.364972341645144,1
2.338043902402517,4.031659353652561,1.2188775999557124,3.666812803816155,5.0990751740825155,0
5.166444155072289,5.1444310197555,4.688494742044585,5.064607740713743,1.5215972138215297,1
6.25601335722744,4.884863880429878,5.1956288631633365,2.6813363289862684,0.25894607793527036,1
4.04593219866077,5.74144032692693,2.5910132112065787,3.5130413400034852,2.6492161073042126,1
2.9264968313518316,2.884127254181091,1.7161791230120946,3.186092213321521,5.285194044712693,0
1.619834019937827,1.6562639368663603,1.3404462770079415,2.9036801518253093,3.036909898216659,0
1.1368434550525626,2.9200240070956474,0.25862599851767465,4.232591304446876,3.1922289534218775,0
5.058829368081033,7.319342032807261,2.4260474293142105,2.6996183459654195,3.461414976958282,1
3.698568170837408,6.996626116205503,3.93397523261052,1.5253461393059993,2.750560797705811,1
4.252117181553058,6.541416730688214,5.173080711396521,3.4251565931884134,2.2478811783063333,1
4.055598815675338,7.515255231172343,3.478162369063322,2.743647412577747,1.9439560665195543,1
4.971599250673912,4.085060207617555,4.47450701208138,3.577994507823845,2.731241343252189,1
4.449921718514384,5.715106667229737,4.3897274266164,3.5607943372189905,3.5177357837107843,1
2.9568041660891105,2.094269915323932,1.5489818262621795,4.773111347750753,6.1000520414065935,0
4.180626675063571,5.8744816199748096,4.364086053649286,0.5215463630479409,2.93561236433183,1
3.387692881198575,5.722128071104621,3.3006733044819834,2.6505354385195705,3.874393711964397,1
4.996827639310756,6.497635609374201,3.9499079309432665,1.843090050519249,4.158905419084789,1
6.111099778093767,4.34634907373026,4.299234864301441,3.0860628296746904,2.44179231191793,1
4.1087275634499285,5.569989784266051,3.1983990540100917,1.65835593791114,3.056164725429144,1
3.2840368522943897,0.97479503515035,2.707965423722808,5.837790303510868,5.244373395573241,0
4.19569266003934,5.804353942958531,3.220397307085183,3.8793233168562047,2.9905452826798387,1
2.3485561168381253,1.9262510088689233,0.7221794587732194,3.6301342648818764,5.730730120697782,0
4.620001378014784,7.3090157162302845,5.555423180294966,2.473427148302012,0.3790487252682633,1
1.327792367430372,2.469806899347949,-0.2159803779937599,5.4474491042297215,5.102192537864345,0
4.897827872038204,5.548732970454217,4.501038989283811,1.3363182467217676,1.080813972661674,1
1.4625788867978404,3.1828698462520064,0.8013780394193952,4.076250368478281,5.609792852492021,0
3.549119152793052,2.9733322949931895,1.8360545606911387,2.7690992832816415,4.005964027147143,0
3.6394070111065258,6.255756490540452,3.9647446191610705,3.3968709371391745,-0.011961886881187933,1
4.4434012546693005,6.752149957162785,3.4524577524879096,3.6650195858270846,3.3198562517251062,1
3.0212533447654266,6.887668279959493,3.796848217882815,2.9493329510322353,3.1850033632225494,1
0.3872604112676381,1.8551888433869645,-1.5693890627730984,2.7186174467843065,5.696812293474871,0
3.752155767609244,6.132402430295281,2.371787319750794,2.9082128763671613,2.2100196095630475,1
1.5239247664645303,2.879763069311531,2.5392864484709845,5.2737200048902375,4.792539982338295,0
4.3475181331909925,5.16672077688086,4.140893859564516,1.95683765652213,1.2204285113805833,1
2.228446937444118,1.1748102516910446,1.1940664266018384,3.181454550845397,4.8039022337547905,0
2.6421081828746247,9.562856562053401,2.36398543167925,3.2391813871635584,4.715974729790897,1
5.134261512642591,6.041046694406486,2.86400473787186,3.3488349556882193,2.517927845011349,1
5.021098929038934,6.053365661794147,3.8725367321082174,2.722569444390638,2.2388534245005904,1
4.257458229114029,5.435079147249499,5.133771178260016,2.0763193856679125,3.2055688269662355,1
2.317771180814969,4.131420859658856,0.26812446665827583,4.345803074765756,5.60265806108298,0
4.446581703910496,6.604455144200305,3.0186416937800984,3.071966707185376,1.5482492079378085,1
4.063783273104626,6.575128341857516,4.352017692008001,3.5315461078369883,1.2800070220688586,1
3.872850645887846,5.542473292008566,6.1917544799607445,3.0031347990615873,2.02368829754033,1
4.861735228185187,6.704047489203185,3.967571764657131,1.2878627189205893,1.3188691757233073,1
4.507415872017144,5.498243322932654,3.9235619841205644,3.095691658635297,2.0432359203713744,1
4.661535854458237,7.0916414536440975,3.2206252167535374,3.0680141776289442,3.432127826039258,1
5.495503206551106,6.281385888392677,3.897779751487048,1.768861476091803,2.2312718992963676,1
2.48252500860804,2.732236796716634,-0.18375441036301376,3.3221489308382526,6.32459779108281,0
4.649394057625034,4.924831950433194,5.8482631091222315,3.0149780005502484,0.2850808351865961,1
1.9782783180342498,2.704448764915116,0.3508877852265796,2.3194335423590657,4.981715509900662,0
4.706200004190057,5.628712821344073,3.394064261266538,2.6465229033761553,0.9762730849429364,1
1.966578199512326,2.5875387163620673,0.7014378986625857,1.8539821097065365,5.189360636509183,0
5.722957716378557,7.435634236352586,4.0445193888509685,1.608754965931723,2.0620563601184205,1
6.131338610028284,6.419752056044621,4.502051600519731,3.272083274247291,2.3578685775395516,1
5.558289174321022,3.6004474221217966,5.2875784781953215,3.3151020439652505,1.3047224912743345,1
3.841964113713478,6.770844754623802,2.930972344324571,3.510901628859859,1.1197119275328076,1
6.6673882201303,4.685294175423334,4.486544175518384,1.7540135520584617,0.8521296339325233,1
0.40872672158903645,1.4041069427440498,0.8199363398664572,2.872326679256876,5.720446632166533,0
4.933898684277813,5.915990909259193,5.313579051477655,3.906261412750366,1.770965861046852,1
1.7231353139763907,2.1851027884344947,-1.986009525366574,5.313415196632033,4.684929332007843,0
5.089512758262272,6.388486596057777,5.325800636366679,2.863502256282727,1.200291311198776,1
4.567484310871118,6.648656929844983,5.893178950994051,3.5538183237084975,-0.7389462648412848,1
3.473175718973824,4.234606185271835,2.483535565951132,2.6541164913513584,1.219215515282949,1
4.506943987828983,6.679007484927104,3.769140317198737,1.9550796622229794,1.8097091872724984,1
4.6922273148582345,4.9860797423683385,5.632351902897646,1.0057866831470554,2.7752041175798072,1
4.795496161442189,7.412191379030464,4.624084074208244,3.564530971444826,2.5179525927877804,1
6.440485457672019,3.9898004534609366,4.112550683302248,2.245470034061632,3.678280058861147,1
1.2977538931504804,2.730706716578403,0.46027228929005115,6.023282231740429,6.19098333850471,0
4.354888235066258,6.875493759387393,4.415545401310016,-0.3086288805594579,2.415206341086852,1
4.904063323603643,5.955082737908249,5.667089339875218,4.249332093470927,3.207528383978744,1
4.426313976696002,6.758110009037278,2.227450692705869,2.7033834794508502,-0.5344307938345292,1
5.942071324208664,6.403106146353496,3.989110167253732,3.3709497316532477,2.583889135000374,1
7.019109857792634,7.040479788675788,5.885597082329109,3.6142330930949216,2.8345845932744815,1
1.4432545984788363,3.8815833775093607,-1.0089647006022862,3.9034622613741496,4.99111304831548,0
3.014567767200802,5.067956241076233,3.3962501179812765,3.847167723035861,0.5444843279984803,1
5.204978939293908,4.251451205206948,4.75642711790883,0.8937742082860267,3.724180300790941,1
1.6149108273817425,1.8847072076563842,2.7069112198574463,4.5587760704547975,4.892163377890156,0
3.7186621029449425,4.9392494888386,3.282856797368648,3.491523041841839,1.9904098146313915,1
5.236936996899267,4.114695208191639,4.295966381907263,3.02875104800094,0.7154351948027056,1
3.095903295342012,3.756566463638037,0.36369474093745924,5.573559043299167,6.101060775285375,0
3.611968343525104,3.6394425155847374,-0.003397705218640912,3.8352208762777975,6.32326933446952,0
5.662229661388249,6.551008761882988,2.825506591147918,3.99351241006692,2.921087091454274,1
2.1914394515529487,2.747889445361304,3.317726333505107,4.433744555173497,5.284725464953168,0
3.7837844890062913,6.221733091678987,4.399312495314882,2.713494093095787,3.6573037815280727,1
4.396637134845511,6.378230742405955,6.094512411546828,3.507583942366492,1.997768058531771,1
4.667107827129229,6.810079020165379,3.226959391122591,2.278650025955994,1.9076801812292568,1
1.3336019983103593,4.62104999198403,-0.2626869996163135,3.069626951594435,4.409777432936156,0
2.4849584892211487,1.2792807983699919,2.223051742834942,2.1714728030797597,4.642231565295785,0
1.415668513123933,2.9185109496007438,1.761722179638015,2.885534378710741,6.961209081787774,0
2.4997949725046564,2.2982079737159573,0.8291982111086916,2.1427528559608406,3.986713289931186,0
5.133509969458534,4.7248806913461445,3.280620569364414,3.392620717470125,2.1982171876939027,1
4.0602708480817755,6.874450856066898,3.833031627373593,2.739112000766001,2.1243680447329125,1
3.299815945881199,3.0513317749274744,1.211783555832144,3.977726979520934,4.50924443151242,0
5.542358710887771,6.0748962704929745,3.592488936875352,2.082209890258335,2.9501059208925007,1
6.12763847762119,6.61605377345573,2.368619634881065,2.0508657240257717,2.8686223558771626,1
4.806458297112343,4.656700820792437,5.167522383114077,2.3226434459357828,-0.4154524460237701,1
4.745544820978176,7.053181350943708,5.473194847347489,0.7648300251228166,2.865960264804486,1
3.805650323245173,5.771298387102731,3.263000019126026,1.7115778464614688,1.31113103054461,1
4.451186332810806,7.391162571381769,4.714313087699825,2.715016455582203,0.5856130444868524,1
1.8368028904999787,3.325869858436738,2.2458493988577524,4.54685799007194,4.923958577812195,0
6.146200109098263,6.376718631800166,5.537235602002645,1.5900832788362311,1.6316489387932909,1
2.331361099083341,3.800004526151999,2.1797598392494484,3.5743008821327606,3.801364189755277,0
5.932914076357334,6.7870288768334515,4.3998725068373465,3.089875372647518,1.686101509038719,1
4.718755012197077,7.204672688382651,4.776945766110694,3.8834797116073005,1.6648198488145753,1
4.26019168044557,5.961078947000428,4.408653412691506,2.0318844265544356,3.3349505999963456,1
6.693146170297857,4.60339082253272,4.618457994437637,2.6156164830402027,1.4285518660015448,1
5.351285693290808,6.181680763870213,5.919934603250825,1.4894766475830648,2.8281237807508894,1
4.694162491941264,6.689322808809326,3.7901738299364274,3.155692080715179,2.352441760003784,1
5.494255576307731,5.838561794639183,4.384302303603548,3.9263271857621014,3.6304259574908944,1
5.76514417017865,5.747466261335829,4.872014187888707,4.1377779710373925,3.8651202558849818,1
4.818249158581119,5.464901355832039,3.924626697549854,4.108177112318096,2.653226732232485,1
5.888350101805145,5.11369536342965,4.071563029523338,2.949660199465429,0.9321503335318344,1
3.9769640985741095,2.5266104238112335,-0.3611350409685268,3.6598913685530174,2.7415837862941257,0
4.7471498361176065,7.085786665683537,4.066278634856246,3.6398957364274844,2.891863062813913,1
6.236063347485334,5.577025654079718,4.678428769476701,3.9341808740044417,0.9220254267996388,1
1.9997848175062058,4.638604487047451,1.6481969857639178,3.7209398829211167,3.430046640365873,0
3.886085439423746,6.089579684983076,4.668178739052475,2.1776821940731597,1.5792665803367358,1
2.259352871369825,4.894376590842979,0.19452725558055273,3.4860517639415787,6.050346126985462,0
2.902969799084384,2.5752838496581067,0.11803767976867074,3.4235062337976156,3.1064084671109202,0
3.8391069125610757,5.195933170101711,4.132984427898764,2.5630949779528582,0.8868638955806467,1
2.900545923505239,4.227835531150352,3.2814467159120864,3.2629567854037838,3.3939787866573052,0
4.021374049205984,6.535546392902318,3.052766468857225,0.8123464021116509,2.2428088237774277,1
4.516143623420024,6.063785513219098,3.265938014882239,1.0682898476697316,2.9353568103571357,1
1.6806139158779851,3.2564925135206417,0.4813894390865594,4.1791618004178215,5.861517069358768,0
5.367431149621197,5.196416457677602,2.079880286390972,5.054811783064073,2.9110698808606563,1
4.499113749104439,6.624043380843474,3.520382018856382,2.9886731166755194,0.6134432078909176,1
3.7821391355584004,5.922170642310378,3.3905816849314467,3.001476072892263,2.1548052711796597,1
5.685869443673759,7.107204370470168,3.5980937374660416,2.6244523535597497,1.7037598588287577,1
5.600744545945463,6.892784613906237,5.704605025745511,3.7105543793185474,1.5222573168912374,1
2.6881212713278293,2.167090899905146,2.4744563994089486,3.5199766154572782,4.359958320753854,0
4.477598115774749,8.635360649964829,3.438573818891551,2.0004230095806115,1.0500248145614344,1
2.3745243342161784,3.8402424788445417,0.16855335121345427,3.8481284953902897,5.504535145967612,0
5.323944983294673,6.092641668987966,5.501668100235625,2.3550000242391707,1.5941172124112362,1
2.3843212645177223,3.0438541326909068,1.1333067496843756,3.3483439176906913,3.900720624106993,0
5.180335338955302,7.132709412380921,2.2424902889772422,3.6554014147524088,4.4101656339519435,1
6.529559811665821,5.179496591370489,4.697350879980312,2.4048678233269483,2.206996607167397,1
5.192746291657963,7.513962554815415,3.6015133022053067,2.8300233483780697,3.5185402382592805,1
5.973450148850719,5.767671972980107,3.4931691391704183,3.182971409770701,1.4526911743637962,1
3.19218783412118,3.7487527688108133,2.285627113308247,4.413238889590612,4.6882130635964465,0
4.381021955010349,6.77187560505616,4.185848273393405,4.363255134801171,2.215626092474305,1
6.216721475281706,7.013902089422157,4.489742146027209,3.229634826239474,3.0022459402552872,1
0.6731615277400056,3.703478857645309,0.8130650180865717,3.772536281747171,4.130787327230309,0
6.551648628642742,5.549491460820696,6.1543766128109105,2.9608065438887934,1.9737940264362226,1
0.5686649414641349,3.4107953299636904,-0.5559779138602459,3.5405941975569233,6.76393836821648,0
2.0787030368546673,3.253859909845404,1.7943127493547153,5.5034381303616575,4.463224039150384,0
5.473215477319325,5.714276028329458,5.336592565809608,4.974898233008033,3.4530280707900434,1
4.55752480971962,5.154312157912198,3.64216876746098,1.728897094905953,2.924189928956072,1
3.620415964824123,7.326907238085855,1.0517192395449815,2.7761275547470463,1.3553633193392258,1
4.841484792213588,5.434178769520265,2.9267632280759095,2.1200199741836028,2.990481983487401,1
1.8925742440296798,2.4425237122704977,1.4419183807664298,3.3141448386854444,6.133291354488845,0
1.7028178947749204,3.1287575227399294,0.5829321774587999,3.7523107453460103,3.9190374456105386,0
5.575250094110751,6.152494299028824,4.71910814576805,3.8280966472615896,3.1292114000655404,1
6.0012620528693,6.3479573859297815,5.159946428363647,2.1345636660018985,3.3115448822399234,1
6.778493354184688,5.528633105671238,4.453556491317329,3.9160894777540105,2.32473344589023,1
4.403686638310667,7.006479642596114,3.5898400501030725,4.5594455943731855,0.6601015122843497,1
5.663589797350644,6.905595686660478,3.780720708967327,4.223954177729476,2.51135980284272,1
4.287644006406532,6.453092820341166,2.5211947961208,2.592345880479787,1.7872922564990779,1
4.771201722613351,7.525673017706403,3.5428900576930085,3.5950062229068207,0.9100463733040003,1
5.004791127800497,6.699937979791256,3.4382846068424597,3.2686173986186593,1.166941918638702,1
5.205006131012756,7.714863320723147,3.042782510593743,2.4654070360663973,1.1694712627135166,1
2.0487400289314026,2.9805198034444604,1.9361013490202272,4.195629435118969,5.149467738111208,0
4.073359983079689,5.078916673766605,2.7905456317634436,3.9113710134085635,2.1844518320108794,1
2.1934026855349997,2.3727049081696476,1.676482877804819,4.490181996983513,5.5056173004407025,0
5.76506902429818,6.315517959901547,3.473548998281748,3.249130339665769,3.539691622350073,1
4.50723125327859,5.2332400221401,4.588329266663559,1.7918845257435823,2.850403894071956,1
6.460636886792981,6.8625203113604565,4.802003961366671,4.148334913744932,2.0300004490181025,1
1.5978502278509001,2.24894032893262,0.32672466740023554,3.4587914182852786,4.350021280537553,0
5.179742915731794,6.900488832163804,3.8374901923295006,3.6499214264376514,3.533991270858717,1
4.574146863403191,4.467311880823879,4.507346500954663,1.8223412700622617,1.0650205719399501,1
4.357557421161592,6.544177356784113,3.1312638446147747,3.8840087790988123,2.2725232041962276,1
0.7734262670511067,1.963885481156483,-1.2348467824148583,4.779556337638717,5.951344217578357,0
3.717748665703464,5.5707848929784864,3.5668904510381885,5.258813079052611,2.329165388893603,1
4.070742031297699,7.234626605958187,4.492879296417228,2.8523278701346597,1.9930225349549515,1
3.9635218133154844,5.889745538932137,3.6833965331491525,2.9151137833493284,1.7373290517894668,1
3.3554106409501743,6.252126058221986,3.129675082595006,3.9103454293285065,3.8430246476671313,1
3.398557306899976,5.611531278557792,4.04352020029058,1.746270098485897,1.398328699603426,1
5.7938509854113995,5.540129511645713,5.577520288797154,2.1656601753818037,1.9103982279805967,1
3.720833599594461,5.716826321143676,2.7390866728371304,3.1427297948046555,1.9424710271854522,1
2.135055849932524,1.8290717457267507,1.9249279877785832,3.9313745005758407,6.32921970112628,0
2.599705686443245,3.697066527397869,0.94875581274892,5.543707328147403,4.812541953686806,0
5.156356297671508,6.259895624386708,4.060374081047818,4.312025437553488,2.3507835481829713,1
7.127332768016062,5.189471725951446,5.142917193687208,4.74923992920272,1.6744420064209615,1
5.574826020415538,5.248945112543706,3.722358780644505,3.747030810124319,3.1289117396165116,1
4.996997442223086,7.506641707382877,5.445991944292647,3.530301094894692,2.4559294972967476,1
2.4810391190713386,6.130671665962906,3.807722898376728,1.450126265761391,2.8654519777737235,1
4.593033254606475,6.492346799289918,2.843735337950028,2.942744875808401,2.610563601220909,1
5.674757543147048,5.858768214779563,3.4711805159816036,3.0114885448220226,0.9699189780198401,1
1.1195252962961164,3.7307275246411167,0.6222448388532575,4.473764138032442,5.380263149668346,0
5.371271251299927,6.1206273847292625,2.091860289766222,2.7075132255957155,1.7938652440295715,1
4.8213253505188325,4.5579982970563275,3.470938501239963,3.6827975192278335,1.5160296415616783,1
3.8661819896340184,6.089327973738527,6.0327410738886975,2.675844766265244,2.278910088997057,1
1.405048840831943,3.6680174455760635,1.6306281470189288,4.661737683998513,4.804934970070147,0
2.273316498576733,2.636894084428909,2.521745115414563,4.33782429235714,3.15855807515575,0
4.549570183322861,5.973891753224301,4.958140827371342,4.373180793104678,3.719289308293135,1
5.230506780672921,6.173987315616524,0.8935034494933167,3.983290567543172,2.333966545853225,1
6.005105392177857,6.069512116872002,5.166020925391236,1.770099312992641,4.757811527751848,1
3.246509588790951,7.1303085014239755,2.674067246469697,3.152518900856416,2.421156461995111,1
6.412066160632406,5.891956272590277,2.5534801501150524,1.9662348445594027,2.1379589315163976,1
2.152022692700833,1.576389268717583,-0.29317577791613814,3.1832608510261506,5.651834357463743,0
6.180217275125094,5.495740856497358,4.855950690573495,3.0124712244836163,3.285312724461491,1
5.7781774468443174,5.320263611992372,4.4133129321236755,4.857519893972919,0.9095172678644101,1
4.871639283017709,5.023409982097786,4.131222550672167,1.8134114682901346,1.0881901339734092,1
6.553230665127128,6.4009045355452185,2.555975780380116,4.6170751273749175,1.4759896989627297,1
1.9922871784705793,2.686404444788486,2.06400215033172,4.104298400329036,4.783804246323664,0
2.1143406140987953,1.5685970646113554,3.284581946294845,3.3332084024161865,5.84428934073052,0
7.209605610234418,6.052474655123318,3.4850333209619477,5.281296334982282,2.0557593191260835,1
1.377840898757823,3.837472539228532,0.6924658891020774,3.7190686242642785,3.884429685779684,0
1.8229842152509395,3.5942286508552055,-0.608836118631159,3.813717239096353,5.939137144587138,0
4.922841439420284,5.9707447761036825,4.556276933806751,2.929723395185877,1.1954663534587393,1
6.272793484474501,5.60494696203903,4.436893989807905,3.8552269940592634,1.739569911535432,1
0.9214006180448273,1.4693927097469468,-0.4533060669998439,4.582685209239967,5.083490385065586,0
5.307618013638016,5.783180457071085,4.2613077323481585,2.5773178899095406,2.9313164839298476,1
1.9287663160289334,1.256443385938756,1.5119816600703282,3.009212847425401,5.837968689919257,0
4.439311147911762,7.328232872484849,5.098039115283368,3.557733448188091,3.0654551724935297,1
5.617239530296426,6.450199206360872,3.5181927342069894,1.8437895484835567,3.3929361064006427,1
3.236321404821502,3.015157149366795,0.4454589982832937,4.508310950326267,3.469888253254141,0
4.815335025141935,5.42963805961679,3.151627447406301,3.9318124565621253,0.9284224898936475,1
4.682235497324813,7.089841118339203,2.657237808924834,4.839516191022119,1.9763661560234485,1
4.475805608156443,5.055988280179174,3.250657317777233,1.630995559693774,1.6815608904871253,1
5.535388126809189,5.550875120648401,3.3498379642043155,3.1663736338408266,2.663858673254169,1
-0.4951731856272592,3.430490498478918,1.4994497955731374,2.6443162592110916,6.099024790055713,0
2.071356939091945,3.7191491265437144,2.0326218977588892,3.855778868403726,5.554867714562833,0
4.984887938943631,5.454597196694681,3.908490362237879,3.1212526950967514,-0.27505665405154867,1
4.605521844509793,6.6457234369245874,3.381759135138762,3.738359322523369,3.1799924284505763,1
3.976130759615455,7.607841004458788,4.311283174802044,1.469847467613316,1.8411133701315405,1
5.155122517734884,6.770934591337288,2.966729790676307,3.0164649160252797,1.4941528854609405,1
2.3182008414117927,4.714276737135212,-0.6400450733805674,3.790122236827144,5.771142587921368,0
4.941070854641022,7.104515453882673,4.85188197072648,3.030724116185425,-0.28366124366510004,1
4.7095335965507665,6.151980483994613,2.6847058002315105,2.345349007459453,3.705491564473316,1
6.439581372729364,5.62519289922679,3.724054196865802,2.6095365726558115,1.865494331735564,1
1.393508917060458,3.5108542971185583,-0.08059014598393133,2.1938800207412306,5.160005732013508,0
1.7510943745410683,3.537884980833331,1.4169022074871114,3.6633770972200774,5.220977028947048,0
5.575872508573155,6.004491563465775,4.752192260495855,2.4059867366800236,2.95509592663388,1
5.641671943189219,6.644112796144193,4.64251507518079,3.8433753945760043,1.722053979070937,1
5.336647367779173,4.857574730998094,2.9554224934138627,4.595811297288435,1.9662555572662537,1
1.664397756988534,2.9253642813849887,0.7721965226053492,3.9036879290062805,5.591841540395385,0
6.2828237817024455,6.904963361221957,2.1518785761439756,4.668907743811979,2.0621201576712465,1
6.040049158312113,5.180303543980192,4.927426751072749,3.8807786828730966,2.7165356104987834,1
3.5464541452819516,7.242810616040198,3.861582976378869,1.545440423992892,2.077835668846645,1
5.728242187987414,6.190196309421222,3.6919456590400506,3.669605048008161,1.9555296395303028,1
4.653938484791821,6.702369153687,3.315575456981866,3.707819042250987,2.283338393910232,1
4.951981372307455,6.586437319801239,4.028924271873845,2.1692908805538225,2.968344911948171,1
6.783512931651404,4.356434194743832,5.39558547900837,3.9713150290708796,1.122659343568409,1
1.658001359225002,1.6619392463215172,1.8307676216463693,5.369027306986865,4.532646670201747,0
4.948876267132063,5.72730323727206,3.9711719671276295,3.539140022533227,1.8149634140039042,1
0.9837813804002777,2.7970311064302993,0.6321812084849815,4.882587111380985,5.0267010793165365,0
2.4605424983679294,0.7085427673900271,0.9887725040514213,4.161777877452373,6.030604950043273,0
5.069221096863295,4.0941122415257745,4.332851724922944,2.360931840958286,1.1440668254056021,1
5.083517871889101,5.653217424982872,5.136642016001038,4.109599773246356,-0.7372067661606416,1
3.039058280029983,3.838794243192393,2.342850076266017,3.8122662072733693,5.364893485845705,0
5.065440942078679,6.778677380401435,3.8358266068724527,3.626875074918429,2.435600616720278,1
3.128555536551997,2.405528820902307,-0.7829849616715634,4.851946807534751,4.436716627464107,0
4.4086502635340645,6.101423286301717,5.076748476146836,1.7796103095923992,1.9699404960823224,1
4.810126863082442,4.239246421348102,5.091127138337674,2.4189138973138244,0.7776481642013817,1
2.2985083704189773,2.337116433766285,0.9650866960833817,6.6055437810822415,3.4395449881103364,0
7.2269405900620365,2.839438711307538,4.131623855319273,3.598009896243271,1.440509110996934,1
5.831546639163342,5.897089615865416,3.531633022119545,2.7689211880350135,2.608466023519509,1
5.646849725377255,4.4327966571347766,3.920896554753274,4.507831401003537,0.956543580676448,1
2.157086603118953,2.709164273322437,1.7112581382102814,4.394204258939183,2.8944084718918615,0
4.893903611705224,7.510688025714142,2.9972000571845374,3.3631855710802143,3.1348082477323578,1
6.6496310608557,5.579041692025035,2.6733951580443396,4.3362410978436765,0.9584369577483953,1
5.370977980412173,5.252286095144243,4.570037179441637,2.700450300984151,2.238480358347279,1
4.956741604162522,6.17621432789915,4.376389518288204,3.2664399098851655,1.5425780810940217,1
2.092408994308659,2.404917171331788,1.318109431870603,3.8352589061159663,4.994694465023249,0
4.791095331815377,5.865607984220462,4.185988324223546,3.792162370378324,1.9901591728492916,1
3.487165195564544,7.993239556117954,5.599322596614315,1.5195096465481406,3.397878101828123,1
6.603833832011415,4.877570893091963,5.79820859796916,3.5296582983368086,1.9981693311106223,1
1.6158506653323175,1.8195489003658312,1.221732548903048,3.0191179679060327,5.393727271009887,0
4.525071306215388,5.616305044603119,2.7091715386686896,3.8519900969012175,2.548664198753838,1
5.233516667594037,3.960007035483954,3.301670811548168,4.915873783044872,1.4870854004166205,1
6.37703222708592,6.163289369097616,3.109385720178774,3.821127548698124,1.4391140554353,1
4.108076896310266,4.296133677519071,1.9386212205239024,4.6064267562415475,4.863034643170228,0
6.6540879850248755,7.1718087788100195,3.149013490892446,2.68400117804053,2.5399650509335157,1
3.2555767589754003,6.085576882847639,4.909802534494168,2.281143526957785,0.6283182670104517,1
4.5197991372756015,7.3454290785051155,3.242735745149962,3.291247062298777,0.8442696390365412,1
3.5515130913820383,6.999913524472071,3.0105869163108547,2.999336918621753,1.0999733617363452,1
4.635246935869885,7.179172959644855,2.264151182230406,5.262967123755018,2.0603892240400317,1
4.125941695347663,5.67266821168354,5.233153135224079,1.2052599878305708,0.7736839375754316,1
4.00760833858137,6.096821119724837,2.0688404690553917,2.2494277259075117,0.6039159175445696,1
5.264658810992655,5.4681174147121405,3.0207796921937557,1.3701408499298875,3.1592845406555625,1
4.14483818688877,5.440562027602736,4.271745959413911,2.2571353740235054,0.9681183437744785,1
5.986908082988551,4.217262951750976,4.074913683323233,3.045637590604814,1.3863886738386433,1
4.262971686438225,6.205412341809294,4.985002155109498,3.3774116815991255,0.425998314628274,1
3.2911323084611075,6.330472394817397,4.282783688415301,3.284523251992445,2.248972957855848,1
3.008122243210922,2.3021697482360937,-0.15234495492121747,2.537348613642419,3.7544752517083833,0
6.068033674332461,5.307280115900023,3.662937693982813,2.8799822167024494,0.9549963935486603,1
1.6798371397198903,2.516184895227914,1.4625240193502902,2.903361984285234,5.104660166230627,0
6.71726625892671,4.589351917486205,3.5014538241772026,3.537034886306158,2.8701491705058126,1
6.411997778664143,6.720608304067553,4.2716503658191565,2.637046086743954,2.344176549379091,1
6.048037753605999,6.210101179625,5.015656087353416,2.7638015408529855,2.6654860152888618,1
4.372845172789452,6.875281227448093,3.1991630430082947,2.6945884719629913,2.600725799830771,1
6.299661219804277,6.4872175396525655,3.139072483637676,4.861941000043892,-0.004554570222240262,1
4.971458791875379,6.894770523119895,5.525369818406907,2.6304013296568085,2.7928957464418636,1
-0.3316724974388481,3.2823848448700557,0.21904382244178555,4.7406408839122935,6.128293856216105,0
4.616738496860343,7.042866352515637,3.7672595183697304,3.4695691085746905,1.5479460062992698,1
4.930197560213593,8.731407255894059,3.676924251686977,4.266522545647734,0.3732655421395197,1
5.870776716283581,7.560593817847162,2.864734746897,4.054127581371117,4.467678329844399,1
5.6487235929870465,6.566364015367608,4.007793495728135,1.585864063543297,3.3163665493366756,1
6.556960294283202,5.376628857986388,5.226041224049627,3.344710882553222,0.4191021084734785,1
4.089330367081576,7.493008250784075,5.0642095273633405,2.1896689539557315,1.6783236922929166,1
7.4880162710581715,5.892593472826321,3.76366033498888,4.469047944662132,3.7676177751778503,1
5.0154180898006935,5.818531017827757,5.358895481660252,1.251146848306372,2.7487817868197606,1
4.043586928231136,5.280075688941126,3.6325342268075933,1.8933619506089963,2.5995148835095407,1
3.4040699818617868,1.6904363338247042,-1.1198334184129424,3.6718026763775558,4.719933197044349,0
4.099230983056822,3.0834452619921273,-0.1660694223831749,3.0892773932868978,4.976157879218459,0
2.3060304553217987,4.664315983179586,1.5322420950973266,6.05337058568392,5.36860225746495,0
4.278090548947267,5.889097389046566,4.528584428835801,4.366031656026245,1.5294148806605237,1
2.6789886245441696,3.6720424583795293,1.3788317707591466,3.1515166771089893,5.8373943566679225,0
3.6648901555622793,3.616695414203212,0.8118559039504885,3.387154944164804,5.970555015372387,0
1.1363479009860988,2.0473296424854137,0.51206556519745,2.8940399543704163,4.175505252937334,0
5.631031290735602,5.626445804533999,3.141511711280154,2.4114353784982407,2.395823040253984,1
5.753443415391753,6.208556085524484,4.445855267207562,3.6776196486274877,2.3981518937403945,1
1.369588768553232,3.15789258100811,0.9618257452964094,4.888642019602697,5.897252214799553,0
6.49159327778874,4.372002477468374,3.57805289114656,3.2490637643128277,1.1886040910014408,1
5.1261376530484295,6.320237038006249,3.9339069790084107,3.128657158839604,3.5205960046308284,1
2.001030902714447,2.751762000875848,2.109247278911021,5.5760148749069,3.8630676446570895,0
5.533659203375867,6.829333721495855,4.407038424102656,3.094130857370429,1.5846717228311804,1
5.6027518208846265,6.921592407568237,2.975352646962526,4.112256559944377,2.5984599211430757,1
4.6003252807042045,6.604520796868823,4.864264159137676,2.7256007878762474,2.071470295654073,1
4.132374661499485,7.272275202300058,4.285538408191147,2.223453727810426,1.542326633388301,1
3.7259444381943343,6.709651824679154,1.3249167938761333,2.8153809957389524,3.6828432107568947,1
2.3463121077677513,3.184665007190278,0.6204905853783413,3.5690508271277372,6.4046799740906675,0
0.709179321564041,3.243976003410757,1.1519620440292724,3.7301119067470823,4.280225720569576,0
1.2966850059094694,2.636517107660052,1.721176919022423,4.696480262705163,6.401050944730891,0
3.8028829593521083,5.1554718635627035,3.7631602531305637,2.7145828935544647,0.6681894024993762,1
2.82097313893709,5.472396171229667,4.490523678158825,4.229852539197902,0.45819463530043847,1
4.2177825050545295,8.198886562660924,3.8246095609363953,3.217938301979491,1.606054702296546,1
4.431661248558152,6.911618247056451,3.177441033006197,2.3606020979865914,1.3183158690611405,1
3.237428351998834,3.117238479339847,0.5676176718101758,2.937103287971169,6.212790665964476,0
6.064872079658811,4.00845525231991,4.544381805107111,2.8484673895440413,1.1572140655218996,1
5.490047083969142,5.8280907026537765,4.289639335028062,4.493088244079567,1.7484974134750597,1
6.362355575750335,5.678604457943818,3.809360080827736,3.1536570018474417,2.2313898018862877,1
2.553943855651679,3.6356342460537694,-0.13121423353507167,4.497670133306634,4.736566239434317,0
1.0383817531719137,2.803955829459828,1.087043183556822,2.275967085626108,5.268461456561848,0
4.419700837318963,4.859016709807091,4.190543356441474,3.5178699995700566,1.2462284302849809,1
5.859696314930678,5.3639979552869965,3.540377523250896,4.532389380675206,2.9649538882883792,1
4.356212255122908,6.423548311022509,4.230469512248102,5.0392090641990555,3.1060402917075525,1
4.5252597833298465,3.833311343235037,4.195459219958294,2.2602323656959564,2.9715565652412486,1
2.552877841369854,2.54900152530522,0.6399378090324588,3.014906534665285,4.853845877146466,0
4.965398152035889,7.937294035918937,1.8609294318020515,2.9763739455173446,1.7243242854021552,1
5.013337805925325,6.614758642865585,4.17019750856613,1.9060509568168167,1.042988496321843,1
6.743343084387266,4.9490727880205725,3.749971420310211,3.435863388167898,2.3633717991492578,1
5.2108289117225155,7.355786744185901,3.9029370119543394,3.592349116647259,2.4129239795884962,1
3.9657721326117787,5.040369457414749,3.686913692425728,2.6844752546609194,2.504937996397533,1
5.082635997324313,6.192418454383219,5.563154883949984,2.8141406902789567,1.716184394801143,1
5.80179292804927,6.120825246415908,3.1098849493184697,3.523350314194004,2.093173028950318,1
4.368954765645477,5.972014576079287,3.0090988516252204,3.2240985114289846,2.3715900891939685,1
0.4954047295839352,1.6287104115828315,1.6598537381585938,3.898110399974481,4.077505411117515,0
5.165279416537767,4.352237878665733,4.0382247619213425,2.940983247648936,0.9082092293685835,1
3.148070752719746,4.151367752176805,2.2009644341831764,3.0934464725824067,5.784186044384282,0
3.2943227982422467,4.039723189753326,-0.05968576905239842,3.29757304462605,5.41790322554154,0
5.355118510638694,5.296222870016982,3.766608650194888,2.9163642465596795,2.548988729446788,1
1.288012468742202,2.1245444849203885,0.8564444549711336,2.0995069447245482,3.2279728753683896,0
6.626907277850639,5.024309691161111,5.272667340568792,3.223014339674069,3.735533874059077,1
6.3053032406347,5.446068243618168,5.571452593416453,4.422688598335891,0.7865114724699072,1
4.498396302369308,7.055525217383342,3.957562097800645,2.8737744208051685,2.8246398205365635,1
0.39950146744263604,3.341404690530809,2.0058273196736094,5.50335710236135,4.884143914557221,0
3.210764044998977,5.911357709461358,4.173217484637627,0.6875157101913203,2.461285938300242,1
3.606791534467943,6.300820098309303,3.595324333162313,0.9658670028286491,2.330523246596223,1
3.035121307018143,7.092284982462355,5.393089112594545,2.4408065579145406,0.8729525819381085,1
1.8436210339444394,2.9071918744987704,1.0938855374429874,3.929644215378499,5.0704103058415875,0
3.7111992028780443,8.21707947182804,2.738486916468018,0.8971183191373902,1.8444436515246332,1
5.635933888762818,6.226484159804198,4.33395123135282,1.8681312102124714,3.2870778374116716,1
4.277538494962128,7.266942180258673,3.804392208135448,1.6091064917273854,2.0679213415435727,1
4.209970868678066,7.064805787530047,3.573017710373813,2.28318890408314,4.025060445985027,1
2.687996138473521,2.839428543116566,2.0027073775407107,3.2151190690238884,4.539300882068575,0
5.044787652154958,6.029036813786468,3.5350238032483734,2.501417709894779,1.416217149204938,1
5.189930199982146,5.647826968235743,4.089264802482994,1.4033396291529694,0.23087827051669363,1
4.123001492754883,7.860590723115015,3.0126995545154553,2.2165924134461283,1.331306401836394,1
4.548242935783787,7.391327702644377,2.7787529077169477,4.658768846464232,2.3879273846217894,1
5.751679649845554,4.803398908677108,5.092135466798929,2.7025476901653924,3.0947676499676664,1
5.3455939091064675,6.948344098020502,2.8302305863765116,1.7584649778392967,-0.0026485912015807855,1
6.157564294591064,5.247507706155647,2.397871359704951,2.7793428960406725,3.1257792825031574,1
4.375065865997927,6.169524396279462,5.368971105686532,2.7938203415670246,2.0283792743140316,1
3.9317917797750015,3.1779225169986414,1.7144375683379547,3.2643595100698293,4.362647395734049,0
1.2982413816143699,3.385767438993928,0.08341932700962496,3.6822121196786473,5.146633295960139,0
5.200071382454366,5.0709535161189585,3.9502958386856912,1.9234901423223514,2.202884024838393,1
4.636071603971946,5.611514246987838,3.487830723831658,1.8920759926687818,2.2964351427156533,1
4.596823750429719,5.221778145974703,3.0628635182244768,3.0806303039317733,2.9153701584006555,1
2.7086002302515473,6.2402224418287355,5.774018094603991,2.3760687150905047,2.2752833748989154,1
5.6602678453145785,6.303720292686725,4.233483515059702,1.985803567773862,1.77904725407668,1
1.4179433576273126,2.0975635637172925,1.810286428442048,4.928355217070956,4.648579300552141,0
4.420793067790839,6.334198983207728,5.484509077740641,3.1452039108187466,1.921615735523674,1
3.753352212010506,6.7437421043177075,3.090738515045186,2.9240202797693553,2.8790068861978164,1
4.3417568967497004,5.099132757777656,1.9262111806681348,3.9643753200365746,5.040507775218646,0
5.902652335985253,3.1087586367371425,6.847752815105551,2.5313456773061285,1.536114782599261,1
1.4476792289407578,2.684251925577889,2.7853151008145662,4.130630686586851,4.154972475913743,0
3.2640098856251667,2.5099275582053684,1.4329629702682607,4.542059219584465,4.9599159636474175,0
3.089445349140002,1.7642363174728741,1.359764023345755,4.559718368333654,3.268297521176386,0
2.073888380107089,3.5650807740479284,1.2198872369023188,3.2235707302411583,5.475564105808269,0
6.167699061082781,5.386980613241091,2.900972444310895,2.803538376838039,-1.1196979090651835,1
1.1839536926478214,2.678697944399098,-0.7667331123908332,4.300551568819341,4.604927249864706,0
3.007308758989365,3.9249559144552215,2.297638160631003,5.11231621551094,4.866716929128604,0
5.338695285107005,6.558490403480194,4.6037628253140905,4.452194922146888,3.6919132296253707,1
4.936009972949627,7.182121528725965,2.712385061823568,2.582804823817627,3.8682580067972054,1
6.059335817139925,5.993950149896896,7.04853412090709,0.8652030434827602,1.6375338199923943,1
5.08191307441015,5.251974584636051,4.935918810193659,3.7840578405863887,2.4896398062473675,1
1.492633019704879,4.361592335642125,1.8917840244777322,4.311012862091593,4.963991197207523,0
2.111365412593981,4.264781789721057,2.1418917692051966,4.041105763942979,6.438859621366662,0
6.357358387298991,5.231436173786684,3.726118079457932,4.609048772332225,0.26592194167037886,1
4.475503796153544,4.010588505070448,4.220522653083616,4.140065221701564,0.12578281607493302,1
7.125018769624912,6.158836840253966,5.151399082026143,2.9336180824288114,2.073614696120837,1
0.561285647343944,3.159164206246157,0.5836668272554754,4.416721208639641,6.515755834447715,0
5.8278784402921255,5.866307354609223,4.281053504290635,2.989894095956605,3.5495172820103846,1
5.621569947885176,6.290637766197232,4.493966306723801,1.100155826884366,2.3417457188348956,1
5.633293957696274,5.3662833727394545,4.3133430090368075,3.7598939101176807,1.7945375253266722,1
1.514898863487537,4.420721289565159,2.2331336403121718,7.048055602567521,5.41058850727092,0
4.36388748522745,6.758682517542091,3.533149773501538,2.0219037148137757,0.9198426045181995,1
1.2494824417041155,2.949059200139039,-0.37764336050157565,4.063163828030617,6.0337225888817265,0
3.935316402347617,7.120516205795304,4.834624652625791,1.641509858107018,-0.3124572245457733,1
4.150418192417754,6.356896825175808,2.5734127662067525,3.2882200373748844,3.4086834140397917,1
1.8156255027931272,3.760622393462553,1.4461717166450057,3.7765684144329845,5.856769122389936,0
4.728799948751485,5.571243861686094,4.914199369552925,1.770370315291896,3.9978384132297844,1
4.274821993311407,4.98858829548133,3.3164755384022255,2.9496081538930983,2.941605134484904,1
4.757856456890454,5.401173153131759,4.196266586471402,2.8414394840032213,2.674349904251685,1
5.692718327668399,5.84779436750071,4.807326736751292,4.196810992430893,1.1621282674283622,1
7.668684823692229,6.348362020720491,4.60769584304808,2.3189658648167217,0.3560686802112596,1
4.31061829615063,4.673860356506106,4.375824016244803,3.083620680902637,0.9456186530182966,1
5.208323936670947,5.511283885757162,2.4984855617132924,2.6529443850297207,1.8752620680354626,1
2.627638483095453,5.595476913712521,3.597791800619035,2.0778528396780596,1.2795504099719635,1
4.297454259089799,5.659787093281811,4.708907444993033,1.36137891890487,2.861291932046729,1
4.295545804313763,7.060804198693085,4.836811471250245,4.008118651378907,2.4817911328783815,1
4.475854487520795,7.180042061605681,3.4745106943200814,2.666386792651475,1.8761077152327839,1
4.9459999591910035,5.338174094148913,4.49947296640933,3.4907924575311386,1.557232249557364,1
1.7549526097243522,2.0691580373694665,-0.219002986665084,6.2545175378377635,3.1487579619778874,0
4.444431106745171,5.978730655113864,6.261094396920439,1.1393382702089117,1.378801945222206,1
4.600218800715255,6.989271524628655,4.131821461890338,2.7659953343560217,2.3693090929045453,1
6.7985800634832945,4.28379393677296,4.623003456406339,2.828372250504394,1.4441730891435194,1
4.954629934518513,4.317398927149512,3.4259688737027783,2.185297125283744,1.142380177007698,1
0.5768252486220373,1.3157047772743697,1.0258342861890983,4.592380723123839,3.4246737156629363,0
5.51051367147301,7.299847742476028,3.0230666138410345,2.1141967996698705,2.0273243568107104,1
4.636580904414278,6.2419187811357215,3.342931841933667,3.753249278261999,3.685194590375886,1
2.7884368945990725,2.1008296005213563,0.3704491092277362,2.71136838198339,4.8374729491118975,0
5.625087564009245,6.032314080825691,4.972044495525575,2.4605308838471354,2.7532791700867145,1
4.140883273621658,5.498731735052214,4.855376134353644,2.5405228133517173,2.4497810206714847,1
6.068286094170387,5.658444319518911,4.38785040536356,2.3798706910465404,1.9708461970004072,1
5.502548553945814,5.670542910619476,4.694119146241455,1.1865981877348715,1.5629010027811976,1
5.617787775574852,5.765440751700081,4.035824860964775,2.6007585382380927,1.811473272540395,1
4.332315938036909,6.430978658695524,4.931901352047522,2.6211984058137974,2.214378019916578,1
5.101068661067927,6.732563532894822,4.258388620470826,2.61360352462445,1.4279173635516482,1
1.5869804589332568,5.374762295718515,-0.36198169388106605,5.712279489385022,5.449462313814849,0
6.211387416472631,5.4452225772936655,3.8946991135577296,2.5016653151595154,0.8491459168599986,1
5.218232093213328,6.740787709911199,3.1764794710538213,1.5091978238147226,1.304601602584988,1
4.279476212817218,5.7377182068937325,5.36538762182405,2.8255810466023474,1.6515926438938295,1
5.535152003352874,3.913995237165041,4.341353506644277,1.9080929710641321,1.6492551462756586,1
0.6581614282139268,3.9585909327946616,0.3911507092376497,4.0990496816812,4.723145694026182,0
5.793312968111796,5.530082775130984,4.252507264447907,3.6519580655230603,2.8147616240750226,1
4.431822857308687,2.316915873385604,-0.6128946489148615,4.519232809123772,6.750410078365245,0
6.441777452899178,6.228095269207478,1.7122993835389289,3.635845979581643,2.9544703451760794,1
5.5189734067019955,5.3410816855993115,3.2901617096218865,3.6344464608785727,2.4562245036353567,1
4.284789341272216,5.680210210445208,5.015523581460754,1.2973392605048735,2.1648655537073322,1
5.851787644792837,6.0339394729081,6.395043890800697,1.854613131792026,2.902976046697156,1
3.5965119512699966,6.502425362109123,4.663798568750523,2.0007134946641916,2.5642122610525906,1
5.355349274202695,5.091089946909072,3.046316335828958,3.4800307277680758,2.295646511664562,1
5.530926364052725,5.2290554546433805,4.8819018139454915,1.668059708789884,3.3096832148173787,1
6.608769814818662,4.973723184839768,4.107356237685257,3.8269569433122954,3.3537928433499573,1
5.7854110582753995,7.301697027780808,2.4832565438749645,2.5222148611707498,2.974893844750558,1
3.1795009495303006,6.120492245902137,3.177643683316173,4.170223384643957,2.4087819394270107,1
4.146537103002066,5.387730224140958,4.4913309443684275,2.193678959420948,3.468066748851226,1
1.6231725390960947,2.0211825816703177,1.2258799363931896,5.045095042095135,5.891101283455495,0
4.478184016799243,6.761947965028601,5.347280742382604,3.107507614527834,2.7708078561952956,1
5.613108839038681,5.883066174829134,4.265384595404243,5.014861749574964,2.3202707823329494,1
3.482870508812279,7.775217130000019,2.712517624499295,4.126847541560819,2.0905659327913164,1
4.993358137267364,5.416569351591613,4.4666621570151515,3.9987599023514497,3.256156680896405,1
1.8527358222430723,5.455112641419354,0.9941397240021779,4.5785116082481245,7.183339389948399,0
2.267920901315142,1.9080797023138496,1.2350444628943797,4.438551731734918,4.282806662352978,0
5.47545976175108,5.670789208565153,2.43996296900656,2.601681607965573,0.35944984203536623,1
5.738736234920418,5.769661164799344,4.66348452653144,1.4943843854545278,1.8627204928307384,1
4.298575106260611,6.094485905175631,4.420236148886545,2.5972823271862056,2.1595258866131655,1
0.9930780111521182,4.742292729545286,-0.14699839360279188,5.44423983427132,5.1709910141256294,0
5.32758444194859,5.601823979360151,3.409864004635744,1.8012661846950675,2.49812868961851,1
3.544525325023658,7.012100190428557,5.310216924600528,3.048350153348582,2.321664804849206,1
2.189175129548045,1.5280036688081005,0.36641764505751717,3.03031762843927,5.908145874875261,0
7.111936873491462,5.543369862752467,4.255204048339481,3.573137080109694,1.3305762505864542,1
4.421651461077058,5.493399046097476,3.791464249697868,3.711500577536804,0.5929753270209677,1
3.9335926433159045,5.778213623607001,3.6013524016556833,2.689371273911088,2.1024329867983917,1
4.61581802933837,5.706931719761318,4.660831846176121,3.104904498974564,3.0790053128032833,1
0.5548386558030958,2.4351943147385877,1.8869546876737808,3.842533556746857,6.480410760306437,0
5.30957721252601,7.2794521184421725,2.160599674878169,4.910818554463614,3.414117263202374,1
5.4418237048647065,5.309572061825784,3.839381310297839,2.630420246262704,3.33242870383672,1
1.2100306555357507,2.8340391839700017,0.06367990506134524,2.7721401999843747,5.505993185650043,0
1.685320359252855,3.5034038613952996,0.6483628963817432,3.388229634675862,6.9463248505735,0
6.266810870896711,6.815787507478314,4.864351730299393,4.075763848879483,2.4222241082420846,1
5.010927864304747,4.842305426511981,4.879097967338791,2.2389501249517556,1.4664794304815043,1
1.468958434806746,3.5109409321481184,-0.3759467859396348,3.0914697658287102,5.433935068343697,0
5.908841861117539,6.4041548523365,5.133798705443777,5.613049124696582,1.5759847269791658,1
4.684137441346657,6.243165707655747,3.4521960633626083,2.631440676858975,2.2170925879965013,1
6.026631799521674,7.876511950240169,4.696684951124982,1.7062678036144039,2.2662815019199125,1
4.893615913599167,7.20763060598353,3.295656863130635,3.240305108369328,3.4651843690595348,1
5.499573880480359,4.709946818707117,4.889320768881267,1.3511471892775173,1.685623915001269,1
3.7075337848069454,5.356294671827102,2.8448023273442016,3.001607918988438,0.7001810412712361,1
2.4278506154049646,4.46260444785943,0.25019520463018974,3.0050005270173634,6.137086250088229,0
4.786183750229851,6.234861147744476,2.7705522591527365,2.3234710851951403,2.29465802424156,1
3.309939869281922,2.6359434372151127,3.0203442875691326,3.292207749150095,4.746339523001911,0
5.10268641668402,6.139145722072818,4.188993306212527,0.5078670172387652,1.2084631485124477,1
5.030780133338874,4.821584125594041,2.466916648281436,5.806959719914223,2.7232927498733446,1
5.86297760610009,6.319910483534263,3.0035903912456585,2.5899651952837144,1.5405348383323472,1
1.75187156722904,3.4889192102096427,-0.014172648669261267,3.226611565283142,4.774327195855244,0
6.798439771939442,5.332568545923687,1.6220432998270784,2.820086047586489,3.2454902972713393,1
1.7893846528216653,3.273413367350931,0.20799007442755635,3.9431922913248623,4.956740076827077,0
5.544589253376586,6.133334700414887,3.182134680018761,3.0617978270024153,0.0452333980820363,1
2.979360248432146,7.490732720244073,3.8221983442125205,1.5767223421877419,2.221677853093974,1
1.9164905958116802,3.6342288361098545,1.1610922667758545,3.552870921503436,4.554041470153947,0
6.173127024791808,7.082676727047659,2.677246757489142,2.865221757153685,2.8224125602251524,1
5.444368387049918,6.862212775429527,3.553960534682732,1.3482528115006314,2.320845253623974,1
6.500386137972109,8.413177659971264,4.121396865426922,1.6101637778206872,2.48389452276647,1
6.531994810817846,6.054892487810824,2.5792241433412295,2.6098949558171367,3.987653885637701,1
3.274203231345508,6.714617848611896,4.255717224115516,1.1689109333952574,1.5499099464988901,1
2.244197660693344,3.1620687413184134,-0.08688475643114768,1.7582330656383447,3.9542645337449818,0
2.5247488098752893,3.1124142679104922,1.445919346521672,4.477643209050744,4.677002886329234,0
5.0223371376195125,4.618518143584327,3.478596241247083,3.3586408225716866,2.91518691404097,1
4.554211889658427,5.1023058200179126,5.26337058760238,3.2404004401211766,2.77922028376532,1
6.093151601336334,7.3521004741459866,3.7218699946682503,4.060392773751857,3.0156414979070183,1
6.258313874610511,5.966779261943949,4.710361746617961,3.5580227784383345,0.10203954271434013,1
3.37424121234617,3.5223880729463515,3.350291037230685,3.6919332346083302,4.89485288455553,0
2.9894352704696088,1.9032155332291727,0.3714803680868288,4.593544620963966,6.13942737083159,0
4.52878615301009,8.570838500801015,3.7971350273044067,2.482937859543753,0.5434258163896628,1
1.7759587320543315,1.265514667726543,-0.11425292796322006,4.362648369574301,4.01519885045637,0
2.200784217566142,3.9635402678598712,1.3702102985371263,1.1464615205815907,6.01658085463443,0
4.4604939050511,5.034327212692564,3.588003798240275,2.2980412721337045,-0.8182258135516962,1
3.553316976746806,2.3509801487946995,0.2027850614477391,2.371143405061879,6.401860176678992,0
4.93975763096743,5.886395073516974,3.4032370852673477,4.345557421216374,1.177949336392671,1
5.422686321305262,5.35510654464232,3.5263484660715885,4.313730863025537,0.8317744832498444,1
5.1984636381063245,4.999707791003752,3.734950347058906,2.498965052252788,2.214718789839762,1
5.009898764168007,5.9850170380241465,4.951670858401254,2.075309450638158,0.7532034713215887,1
3.535897074474839,3.8229762761070307,-0.6041804761203939,3.6701206281841707,3.1705702832325597,0
5.439968912560561,5.8499805804754015,3.504355487799041,2.7129162849811017,-1.1686945907585686,1
3.066164773513056,2.8378078115671506,2.4526307156153964,3.230220899477396,6.24963575779112,0
2.184756354025731,1.5316724150192853,0.8507305638925957,3.5073634954539106,4.901692788456192,0
4.790807077746605,5.998208764948606,4.448797825409712,4.4924036757973,3.1877983420537865,1
5.596553208674662,7.127311895049303,4.244516045935726,3.8927996795109086,1.355294537016957,1
3.048116498068264,1.5470864600936631,2.4124407932991283,4.459509838300418,5.480800266723682,0
6.536666394797598,5.792252621323895,4.118817312845853,3.7892468780537225,1.5972646954966032,1
4.589235311061768,7.694761820457894,2.8928811650966977,3.994932839447909,2.7300469713296915,1
5.314705564898208,6.612489960496103,5.223883696200248,2.5639616315948817,1.4423863356288988,1
3.4104931032347636,4.943671449761743,4.101164095095779,3.734563249126326,3.7008108010628025,1
5.522248128155573,4.69136314809906,3.7304352409023616,3.5103047560213207,1.0491407756215483,1
2.7928261588928636,1.9589891172957636,-1.3345193227001348,2.9052941468143647,4.011633883785699,0
3.856101828851762,6.329535245447461,3.727211128372149,3.163850816845095,1.2416238769232355,1
3.469202070989308,3.1376043066839556,-1.2632407958468206,3.47231935907421,4.725728650481286,0
4.500437011269765,5.402670757056765,3.9582036230098687,2.327181930477626,2.965415872633912,1
4.530140669417025,6.624546970559522,2.5085979457377974,4.7929451373467105,2.5970960866805854,1
5.388784997410394,8.098052173239449,2.0949193105563397,3.6693811908080645,3.9539111384989614,1
4.0351276836439665,6.173131236290609,4.940007932212487,2.701932713729083,2.1091107575994767,1
3.556511397242997,3.519333234538879,1.9713236833965757,4.430953379419384,5.479046481012012,0
4.6867387568689844,6.257502794314194,4.025787004492796,3.3816476921729306,2.4590578355335775,1
1.9353932012726927,7.22372752658942,3.1793822622856056,1.5945328166051143,2.643825727257427,1
4.990065590390102,5.088241874082555,4.130967996526856,3.1848133036697153,0.0361269425249533,1
5.344168693094126,6.0451647295918525,4.714742431439591,3.156748922448505,2.089953148418879,1
5.286289658758809,6.288844052944533,2.633354920445032,4.531773539482262,1.9581913282706047,1
7.854502831965411,6.511676185494551,1.7404518514887934,4.294594537744127,2.8732636135486995,1
0.6690813108984817,1.8150015118912441,-1.1701864974784129,4.372708465794617,3.6047587151589986,0
5.724538675063725,6.036322573521788,3.4146218742327603,3.6638468047153085,1.4052979786945823,1
3.69227936924007,6.298692170830424,4.460794461513176,1.6139886955209368,0.5485679163538699,1
5.189936913456628,7.323480906519291,2.777587730411091,2.8598548385642872,1.5327102822719056,1
3.7218750882367795,7.589277128177233,4.972189943172191,4.275497522444102,3.398620495666316,1
5.681462985160803,4.68039744902549,3.911400727131318,3.085527062116366,1.143763972347335,1
4.926453097280734,6.067397152130636,4.198993659695019,3.3388405067447144,0.656613992348281,1
0.9285273913491994,3.432782972945217,1.0975112592274223,4.476011367298759,5.966408934321327,0
4.806106799900623,4.2889633475806805,5.345282063822785,2.8254041888682138,1.571260595111461,1
4.162813337024623,7.48329944442141,6.551427721452287,1.5835148365009222,4.303019030069473,1
1.1430981701161558,2.7083211191978043,0.6101116817714576,2.9124172064566896,5.705150895710788,0
4.010148032048203,7.392151239772844,4.922905992261249,2.060051367826524,2.5129545657068197,1
4.221467950465793,8.49606692153118,3.3969201764847563,3.8186251932900817,2.0062998821320193,1
2.7606057566059827,3.6987289294631407,0.5025246336693834,3.110096169073702,6.6013241974898085,0
5.4511440319503945,7.1670129009469585,3.3180218400714807,3.312829621886697,1.2755427881765966,1
1.8805352998374871,4.414561019141808,-0.7439850869362912,5.877710226236035,5.705624314574352,0
6.08465895797787,5.047902926595426,2.1305556678767834,3.8542509124529025,1.084055889701952,1
4.230222644295056,4.146363741988463,5.15116556578246,4.302706791359852,1.4732841804148782,1
6.1387044906898565,4.621860986365852,2.8644336581855225,3.5040778187838906,1.4839175320875633,1
4.313456482756635,7.576041127552023,5.373599315221599,4.380166228734556,3.20731762663046,1
4.31125688810267,6.63584949236785,3.912740637471037,2.915233330740549,2.5410925648539,1
6.478332596690995,6.136663598804608,6.014174829838334,3.187881701759426,3.075138863144044,1
6.319489728963913,4.442186275409069,3.1873819726357038,4.296146291163332,2.5407164866387077,1
1.3300861233181822,2.566156012987168,0.28385187943841583,3.9906055520466794,4.272585954531787,0
3.7637262593391885,4.538887173894929,3.994034571902731,2.29490976202607,2.107848978607514,1
3.7711243893656334,3.440421728721614,2.6366881923841388,4.766902054267205,5.404158759664398,0
4.403963468797386,6.38585016259348,3.6814553903520366,3.0463926255033904,0.0824313285371685,1
2.4393823144043547,6.243970048540421,3.7744497167303956,3.537893939566201,2.7782621050163145,1
4.650385571216548,5.056901352189547,4.3124674546793464,2.7436842005167774,2.150562360533277,1
4.855843232556724,4.787152841409966,2.8418416982291452,3.5976264831042846,2.541245233674089,1
4.841991427774243,6.450559682468279,3.991430932383057,2.1080498818797433,1.9847586550409384,1
6.188858229500022,3.6548845872850313,3.046318088412324,4.073489844998095,2.169965995631815,1
4.779930722982431,6.8327610179207525,3.965214689541556,1.0628477256600135,1.579541051622393,1
5.403788025049186,5.959942590816235,3.630975448096848,4.1047032346596115,2.5337351481824184,1
4.164497388071805,6.00010313957514,3.0957563038283826,2.8246287545820787,2.308114367278829,1
2.5103081010089454,2.796998264560278,1.5233268481780262,3.8638090977970663,3.791971279768661,0
6.893719247647178,6.173464597117915,4.255355606191573,4.319365928696103,1.583534560112066,1
5.771415653396228,5.717206548967203,3.291330238496989,3.529509392287888,2.988460495829776,1
3.5698147841777077,7.19503809719407,2.921583207284545,2.5869453523788866,2.8378955704961966,1
4.3840858787685315,5.250165332374621,4.060988288561619,5.38863474666208,2.0894083546626243,1
4.643481469609574,5.723672224396974,4.050117075743878,2.098907655728399,2.3893388845318677,1
5.741655324678488,5.017443963781373,5.268281908240597,3.098915483289985,2.0782191157612546,1
5.091999914382605,6.746047087591473,5.345090410623588,3.1306563947878323,0.43334413800951355,1
6.469544391101463,6.281860149638318,3.544879900121984,2.6490255363842974,0.8821018998446626,1
4.617808872363149,5.424899749877078,3.760474709899316,3.8116398191262433,2.529709586639294,1
4.135410111694062,6.019314738118819,2.758044244875373,3.749844201165918,2.3837140349343975,1
4.29791419112737,6.4356865451142475,3.458105694920088,4.105413129482393,1.7046096594790452,1
3.4707432687658173,7.108294503963291,2.2200167781026328,2.9654274040175426,2.2367594583560404,1
8.529532459258709,5.846656867296984,5.215074441618664,3.105179743467306,-0.824813764757506,1
4.3257129299989785,6.584920325823084,6.349673796885636,3.633396730187733,3.233432613020874,1
4.450869666456335,4.983839326322967,4.626021106223659,3.975631356641188,1.4141832830572427,1
1.5501687183147939,3.312078285141177,0.6650827372516726,4.850127066064666,6.546561673584121,0
1.6641828803587209,4.193380050063892,2.116113618795445,4.649641782999614,4.959396477819186,0
2.0746453045200863,3.5222994511768353,2.2121560581609447,2.406937472267963,4.712032937561974,0
4.86752095882055,5.058580255153112,3.622354366799464,4.015313092281428,0.7903331696754627,1
4.652223736815907,4.78784511644386,2.487028088607522,2.689863677079724,1.0179612696170595,1
0.9217136016554186,2.8298152616888603,0.04513593907251323,3.4961513973291116,5.814243973621358,0
1.8965478633720634,5.315481880396497,1.1922046973040235,3.6213120160933996,6.284100753148673,0
3.803913936122369,2.933706820953169,-0.10294203389623102,2.0225032839240584,5.02228955740809,0
4.502146275906954,7.340516513234236,3.7208330242359384,4.646236761133066,2.624128616724316,1
5.12111952219184,6.297474672486034,4.4707335824832315,0.7522473696640422,2.0507418713002603,1
5.935478981086804,6.697562496176091,3.590668804579253,2.9144217516998783,1.6569629019376113,1
2.3390045422656742,4.140596989061846,-0.2380173966720065,1.654889592944083,5.3058530941979765,0
5.690393519610133,6.202029739430179,4.150162547271776,3.6768498208773153,2.3196985383342654,1
6.574033144384506,6.0416717825312585,3.7235780094748265,2.3701690041985657,2.222368394251595,1
1.6922213120897465,7.751913441242636,3.2858758645332538,2.214025617660856,1.912905225632135,1
3.4961998933595018,6.123975727699497,3.237160947971212,1.8937283768405118,3.3525871290206872,1
4.816356584157603,5.976536643893498,2.317009127026126,2.156092940377737,1.6421961688578273,1
5.901911850423777,5.439768137969427,4.411710357128661,1.4515175373373883,3.5349263839331506,1
4.048568291349412,6.729339166265433,4.062753816998089,3.2423301130479385,3.5617405076626225,1
6.032389466898784,3.9773752697487046,4.5318844195986765,1.3816053011658518,2.046503837741803,1
4.770111024617798,4.75134876627207,3.8362012761992417,3.031911921224428,1.5166667588605243,1
3.9685147212771428,5.171999289164049,3.2651566699243393,2.6171296066652476,0.9574987386902583,1
4.822620769102119,4.7927317289625515,3.734084678812245,2.8479388413390656,1.107408047575562,1
3.6228270435451035,5.319308986188373,2.683106928328888,4.510032235915472,2.493038285763213,1
2.4837644620931814,2.4041490943096817,0.17280831600747593,2.699492845365662,3.899339459119039,0
3.856592949764977,7.334594018875789,6.059300420290668,3.0590010845184255,3.7084788462774085,1
1.7502428313894913,3.9244649744337616,2.582903629019962,5.827260041312262,5.020887424268783,0
3.9867514528269723,5.32110827355815,5.017243790534496,1.787913084878792,1.8525063423806374,1
5.307998299859043,5.99937451142717,2.7431017176252706,2.879662392076246,2.8548656029199533,1
5.460759090633371,5.128448120887465,2.7267082483025664,4.348165157467777,2.1345060174347634,1
6.9381353818561715,7.944448431843965,4.761493976342511,1.7850718050100716,2.3449263020212086,1
4.9754052256521195,5.763975649398082,4.499703907896604,4.64329596557641,1.2496326821347639,1
4.290365661751463,6.90302599942294,3.8268835565288684,3.1526481214462567,2.8377094069152458,1
5.06068698275314,6.034833500835668,4.790087391873122,3.953211298832523,1.6764353030940973,1
0.30898475059960595,3.1084180364531764,1.5649757238751119,3.6537117411555586,4.35270944166995,0
0.8258571099139589,3.3863396779232215,0.4711692317806586,5.343614223269762,6.128035235733946,0
3.1855495644897136,4.780604214491003,2.0745769779561325,6.755818488368264,5.370825664276023,0
5.361003174077338,6.507820232152174,5.480721841766896,2.1991756474332194,2.6320215622097236,1
3.2203037616514942,1.9209821993025809,-0.4349111732019624,3.0831404655108083,5.994191539064478,0
4.222395045253158,5.058726597955754,2.207679161782881,3.710083916143123,0.43648748477115484,1
3.738393555008602,5.338904831682722,4.479583078008698,3.186458441447308,2.428050035084276,1
6.237652199912435,4.2447655988576924,4.314334128353387,3.526214509493692,1.7080306877017915,1
5.232324416935065,5.771393017036379,6.250927416418943,2.7153864320819077,1.4639357139399325,1
5.80526941318614,6.482297002967028,5.535951565776106,2.9545238432694765,2.477408539560924,1
4.646761538556691,6.572938245214513,2.700515199291483,3.2097448769056656,0.8285444068140442,1
5.896157056762458,5.984251533616705,3.972586626239454,3.1578593341517793,2.3053914919732317,1
5.31515145234152,6.608914392018771,3.0402774996235533,2.7682875716575395,1.4836509684991124,1
4.9399961334151845,6.232253995563205,5.260810753791221,4.856364678971214,2.5635451131449196,1
3.6383076478124003,6.138512482968597,2.443174309834487,3.668425524394922,0.7326567838459532,1
3.7855156735334194,7.880190162627245,4.742146164978264,2.1801572540401013,1.64066921549858,1
6.012968134103508,5.724263214524873,4.978864077401808,1.562542707555272,2.2436690486391333,1
5.270368675001151,5.602996448462734,3.8447172781590577,2.3747915856893362,2.2836460294329703,1
1.4246514758559448,3.8095754201725267,0.42214114270691727,3.858081194230327,6.009728306577704,0
5.61986375654496,3.0812293246615914,3.155297459806822,3.6327973251321737,1.233092560830921,1
6.054085626935384,6.057919438999036,4.764797776142828,2.533369911264129,1.6511956844822473,1
4.693237711129484,7.251536299823323,4.633552822380589,1.4059812779788445,2.546249434728003,1
4.389820103874739,8.432206703562926,4.066807303783208,2.398486119430607,2.4793260298551907,1
1.355227785637056,2.6199789225745422,1.6908206759116737,5.681887362712301,6.092073532373708,0
4.397485500944464,7.352162967187611,5.6708989332123245,3.0661400098386142,0.5944038079194403,1
5.612982262991277,4.8751723829986435,3.137906875458547,1.9255334957440513,0.14982060700850441,1
2.9834309376723733,2.91904677925167,1.9361723337707675,4.1208082151769805,5.234367172266413,0
2.116374791525579,1.5732196531998641,0.8500026955275986,4.677260584515849,4.5166232108958875,0
5.262573892639509,5.666226562783238,4.357280461749863,1.3231524691218135,1.6728682402790382,1
2.1586430966024497,2.0166858168949835,1.011549197110319,4.863678875111944,5.3251825669945,0
2.010465986082237,2.9244165121619132,-1.5322931050153974,4.144477455634053,4.68675934959496,0
4.838419891425265,5.982382247314331,2.424556856549743,3.0217391565320675,2.0597979701613216,1
1.9229585649010004,3.8327593964252538,0.590711769384235,3.1674071602345726,4.882585716867408,0
5.132776157733309,6.8137711086562,2.1209973701326086,1.739702710994642,2.207247980315737,1
1.4275857856469516,1.7330663437452059,0.25248184645518834,3.144025840580715,3.639245223219511,0
0.384791889787496,1.4740557219614416,-1.3963037279029922,3.602300997200277,5.023297890345963,0
6.533916960232823,6.756311979845678,5.536610499464654,2.054253585757527,3.366445140474195,1
4.265749075208759,5.946637400291144,3.134598632202451,2.909879442047795,2.2200755757461175,1
5.085074361862057,6.410326452603348,3.9220796872171735,3.365717495902749,0.9328197700467062,1
6.246734055311612,4.3826625279816325,4.090920762868213,3.387324970654651,0.14945284817245552,1
4.387453629658803,5.651083016449049,3.69685345866786,1.8849450293952044,1.1309594179245894,1
6.200293585134594,5.761073364991932,4.225111054375194,2.622801155771143,2.1692065790344497,1
6.043011576177694,5.203344650369528,3.327969863121062,3.1604557586411066,1.1075563460204236,1
1.982486177451286,3.3057665605681503,2.090703028675196,2.9121306166129903,5.480194967560721,0
1.497450021317393,4.887715803047021,-0.16501695529928906,4.289421709459941,5.249490573452016,0
1.6392079175090526,1.9442684979377547,0.9407754019652198,4.385204399433967,5.096228256632123,0
4.794575356844443,5.876180144575497,3.3687043991659404,3.7016714065408247,1.2792995520328714,1
4.611315633407378,5.147752964509671,2.9439268306970408,3.2382170089402624,2.9370147642932363,1
5.214170983606067,5.521973939981986,3.6938007702391675,2.7754271188282282,2.816121314979752,1
1.0599654396152354,2.2151280277274203,1.223017482725118,4.019899031787842,3.93624703156937,0
6.353825791587873,6.669131259856631,5.141936216199519,3.505071215961205,3.3316892513076306,1
3.790314458110057,7.338341238772041,3.565982848657346,0.8853178670934212,1.7399632793038218,1
4.179873388197812,6.713148743446275,4.140754891334996,2.27865815855513,2.0009159475910474,1
1.9926271260054929,4.08677103273372,-0.6271995500298033,3.4982434619165095,5.8334784439851335,0
2.627695598664422,2.836830588436611,1.5150437473268847,3.8356944633240935,6.191689805644443,0
5.8568231315525825,6.306193899363011,4.923480324349551,4.122238795492233,0.4947035976739953,1
1.4796089734245483,1.3483386693407589,2.0631406629917524,5.371876073426701,5.1251900982564464,0
6.488638687605745,5.713087260970647,5.421031168213581,2.5255607575917676,3.3827063715609764,1
5.73438451128372,5.698021981629584,2.328997295663502,2.5596581169113115,2.102714832563811,1
6.181793996986479,7.46718127994569,4.425588217312279,4.9601908949900775,1.8932501670820134,1
4.894746140372403,6.600594952243885,5.083904857637296,3.510148118590626,0.741509788421207,1
5.843052463083204,6.530070758941013,3.509089173088295,4.209339441746328,3.008936866770015,1
4.817455471052215,5.971815310078837,4.6824142389161025,3.6585264209334585,0.8583145562774224,1
3.2465426394604657,2.1979974915747853,1.7617692658744541,3.6733395947692737,1.649569927074121,0
5.568816830373706,4.858646058151005,5.11297722215377,2.923106499258407,2.0173189621541683,1
4.698633243871738,4.867789685151445,4.190574862279126,1.6990219979823682,1.5797674631207597,1
4.963128994827386,7.001654042169566,4.033995683353871,4.49567365558577,3.3504828080738984,1
5.657281134706507,4.751600152963146,4.815462150504132,2.6627000848787437,2.9520639828117625,1
2.668104067973765,2.4423415133903856,1.8273924219546627,3.2004986436915672,5.6259182079006225,0
3.1736263541896874,5.283469035346309,5.448917266096723,2.81762722284513,2.467521175525083,1
6.260950797313926,4.8768317897005815,4.245465458348736,2.896595452204301,1.711765806438006,1
3.3698667281829433,6.288332011026865,3.2485460350407904,0.9028803118936022,1.1244158812995795,1
4.752890460071487,6.1866817247190244,3.0229106253350997,3.2749678083485994,0.1734982341018949,1
0.2647380115331115,1.7509400943624256,-0.05531316871860459,3.8250309625959993,5.906337650342943,0
5.211519622940317,5.581907210472399,2.740044976619963,2.5023738112351124,0.14448550497564572,1
4.405588818982576,8.218054970158473,4.804351579899592,3.8559905079337087,3.363182776228997,1
0.7038216975955427,2.4823326036467073,0.014116809161770494,5.103381396120469,5.957842375511723,0
0.6463572855525177,0.4272755549719478,0.3018502458061739,4.63754177283927,4.30990916291319,0
4.485897643343148,7.583696815715591,3.9086902400997054,4.245677804040838,2.2601418621594784,1
6.2935100751972515,5.558078720395482,5.298555134982933,2.9190758773300858,2.164295372011378,1
2.6806549362221332,2.722152729063721,0.5307932338651923,3.56373163950581,5.0500176432954005,0
1.7636140536697444,2.2327867006027122,2.1955244426954588,4.030322797954879,5.026663597886646,0
1.6009015460287153,1.6755039452032034,0.6363576294407696,4.002189663403421,1.6087047766155664,0
4.61161989994765,6.650914626723281,2.226732624569844,5.098759375403276,2.913158406384458,1
5.125261000131817,7.03297620592573,5.055257608497378,2.9963084345474713,0.9528485846110384,1
3.6510691137803497,8.121339956872765,4.173126059129695,2.498382050033751,1.4252762726529942,1
0.2726522064619501,3.221115152019413,0.5510958206405924,3.034453085619033,4.480142485080095,0
2.2529779152505363,5.5122569486007285,1.427381303267074,3.6216373464712284,5.245897871245273,0
1.8926713853056958,2.4283615717469074,1.0254549832313717,4.504026389714474,3.9613274483565863,0
5.102443829399341,5.518765256793654,1.7805332566107834,4.240291521037815,2.8149691756548814,1
5.191252748672477,5.107275231553519,4.585745246559957,4.627876243621037,1.7207479240581904,1
2.572229878254719,3.1436934560863783,1.313961078400673,2.6483418561137504,5.321904663971154,0
4.235465192281302,6.272888362684973,2.945394061710814,3.25902075975791,4.594679759179163,1
4.524258703966647,7.1106860396006955,3.1043796957316396,2.7872561267876863,2.388727005355706,1
5.470261538980433,4.888012172006938,5.267628017747579,3.0688915393516107,1.8131874518357578,1
4.616503080310467,6.691905215239681,2.573246719665517,2.6157205497611695,1.3014355269809976,1
5.067101097849904,5.996657205762121,3.3709603988351615,3.97213549409023,0.8167097146796283,1
5.6062971084800015,6.847232476509439,4.825965812487093,3.763711674393493,3.2611528150355715,1
4.797572837732392,6.858081669474698,3.3649310665558554,4.099368208889415,1.0905868493105644,1
1.8714768187872783,3.5114786414311974,-1.3481169725468134,3.4337034161716287,5.943242520102036,0
3.1610998968053465,2.9281385219894966,0.4228094380888887,5.590899517132471,4.243675282590729,0
1.6918009977636677,3.348865995912707,-0.008822728232556143,2.0251451688117896,4.597244153244329,0
1.7110967457576576,4.828278955966478,0.775825087463866,5.157370850307499,6.608009972685231,0
5.249148060072842,6.795087551772477,5.09991022003915,4.1648578334991555,0.06805520447721469,1
7.137234963345528,4.96297538044615,2.5767362226185115,2.9285764359979978,0.07030512791773846,1
1.5153635428321908,2.5562180284871894,0.9183739168856356,4.011096879096797,3.8632146627170414,0
1.3283731410474064,2.5380648862866417,0.30680757341273335,5.086908290271857,5.329325965560642,0
4.344307432476501,6.406691032902403,4.353321765334075,2.7809292511219352,2.128501803677043,1
1.2808897167931463,2.9185413395296305,1.917160320969992,3.7944939733284886,5.927164045544723,0
5.972882634619957,5.516803328199005,4.0807143298996875,3.4770816617123526,0.8973079152312993,1
2.3884173868613603,3.1868485440721965,1.9138227152334177,4.35409522986411,3.7815604318616947,0
2.2631013289281983,4.283001721404307,0.15396282467392397,4.027454457317506,4.976040917508766,0
4.789181564486049,5.533980082582174,2.8506476011813997,3.770728569351558,2.135675644825974,1
7.290000317485768,7.34801801827128,2.9835884538802553,3.0120573086059026,1.5471649009298756,1
4.609794986850766,6.121787961375798,4.091365334452182,1.7126406134551666,0.4299178232585743,1
4.542512718536148,6.379619420117354,3.6762523865506664,2.7944210233719597,1.6816347838669887,1
7.1416116902707625,4.206316751812728,3.7152481349719384,3.7342714391273955,2.2292405376679576,1
6.53489728769476,4.917470203758996,4.467346555504942,3.224693105327808,1.5710720198830073,1
5.015411183290737,7.096412118952139,4.079748185043059,1.7525153432040264,2.208266153932745,1
1.3634370196392682,2.6042058264253996,0.2485894584990921,5.428309140762006,4.440879068083238,0
3.7461785457062975,7.44946239142315,2.8567469451021505,3.8879123200215635,2.309151886128305,1
3.9529649134675404,0.6398588498083657,1.225868406874759,2.9268780893356308,2.5663876044723675,0
5.120326682218297,6.07132156773766,4.583200401147274,3.654866587108301,2.2751135359549393,1
5.650103629812901,6.964512511093938,5.0654707643122014,3.2722330588101887,1.7575110400356737,1
4.107981010616207,4.3105288182822274,4.457764374648969,0.48726259024604834,0.27333745503596973,1
5.557739419044697,6.806822719057344,3.8145158287306984,2.941329994744468,4.346350959919371,1
2.313201874354653,3.629274287131837,1.7849248091790764,3.9647286736505825,4.5040331088242205,0
3.5697963033118807,6.279071808428147,3.52792153489485,3.7513699041015096,1.2324537276296286,1
3.6279845970814506,6.761912090385326,1.8735068381955853,4.21874958902621,-0.030667209157231756,1
4.924910565891134,6.746362234357836,4.354203135819236,1.7653176251944886,1.2780841145401025,1
5.947770100469917,6.178019454160038,4.401442961184566,2.598910666055719,0.9961344558936802,1
4.513894894674931,3.384509078844993,3.825497193331977,3.0825266671680605,0.2387152072705332,1
4.29866984352605,5.829687065003986,4.1359901939928285,3.6769043218373945,1.9816595715361986,1
3.572515438861966,5.415042872687486,4.267167285368091,3.0103744268925237,2.3230220965542756,1
0.734129877389919,1.6171835953548008,1.873702010319797,2.768603565472531,3.894794078563737,0
4.868206447942701,7.902108009298891,3.2714031149300897,4.8227783260520845,0.668768810330663,1
2.1065438865160178,1.3691127244359012,1.0695278312211354,3.2422818851732798,7.4306950562516665,0
7.0426812619229615,5.211710218311971,4.661420438651945,1.3838093037635242,1.4120193713674416,1
3.4266019163192496,6.327471611104773,4.4104027617066945,1.8150723792755992,2.231187020313083,1
1.0789898781917362,1.6224269109955405,0.4527857188418606,5.485581154355403,6.411358455759208,0
4.3270608350586155,6.795749912491628,4.1806409384838785,2.8981578672827477,1.4953925782600992,1
1.9534539059716993,3.9407461300197504,1.468047124821035,4.565475518296652,4.453787651944775,0
3.830385447345855,1.277754869943023,0.8473565857449961,4.03483599218152,4.8660941151199335,0
1.2908034965668205,1.9814895316836918,2.965930948231252,4.783870343712431,5.405294669349864,0
2.5087196395228326,3.8436697675642275,1.3995050683292434,4.6915530339973355,5.915227806637037,0
3.3111378748593605,2.388621171727962,0.538793647815569,3.016704024480363,4.87645434050766,0
4.3792590795462445,4.894569334436964,0.7087830411639247,3.855244386002803,5.430554514811152,0
4.989339034360062,6.164835301946388,3.762335655357575,2.465376280813927,2.8514946292113548,1
2.4776262301368672,3.2911245653873253,2.4398527701579176,4.169536375437388,3.3686688196058343,0
6.694905760409437,5.1870903466317895,4.366021212368918,3.8025988839792983,1.7787610481312013,1
5.770059500866116,6.442126572334276,3.716069448304557,4.452112861249945,1.686940760784217,1
1.1978056429987542,3.4379586362943226,-1.0958271576526228,4.0617638375115375,6.559712442692922,0
4.113386619629637,5.311030702972125,3.438933279632285,3.1599836019743113,1.6678879268916407,1
5.470572802835244,6.637493196233699,4.053756630620185,4.195524173988743,0.9860260828537661,1
4.908113885359134,7.054423371988495,4.1778433647048585,3.278937481572664,1.94849600290929,1
3.3010182566069326,7.401840113309658,4.0657135143844005,1.318445070266492,3.1599353534178576,1
3.7960696701326153,6.8561867082897265,4.263437338776514,2.7794064414344537,0.5089732412832741,1
5.300923245672722,5.277212070669275,4.668886348959648,2.7759155796391926,1.5020688252629024,1
2.211085737347923,2.516188425923826,1.5099076667177378,5.008873384250896,7.304154019757279,0
4.709304077736914,6.430326676726209,4.519476294215771,2.406204300595877,2.3550097429095382,1
4.840804740219521,6.174616251446744,5.54531948158286,3.745238607251178,2.814299739553888,1
4.963996482803044,5.156115713500039,2.448189376953546,2.497800915696814,2.824549441332441,1
4.739628069079806,5.284706481912446,4.463736428006674,1.411339947845045,2.4350478276293335,1
5.836263020265923,4.250819879122075,3.4066761343632463,2.659765335410576,0.5994102714775436,1
6.070903928667345,6.469926334913123,4.577370443101665,3.923314368080301,1.6461660560154143,1
3.773357448279066,7.139968113459279,3.403423419082842,2.7484462477932294,0.07502315263883275,1
6.136637775193807,6.003176656103493,2.2235392454233844,3.4395076919240117,1.4725910995978921,1
1.8481745529278113,1.8296952442775798,1.3628063515707427,3.7984287844571414,5.376036023178232,0
5.041577869384333,5.388559729653597,3.5078710832661444,2.7613913354384447,0.9947113893530095,1
0.12444241707171977,3.163115103570909,-0.5318140257564985,4.380047334005712,5.004758250263664,0
4.757342775211813,6.247152687686824,2.9352568910964973,2.5728480679913273,-0.06764868694414972,1
4.509288504043557,8.302293794465587,3.8171754311965125,3.04608727939051,1.5381542188048707,1
5.8312086905878635,4.645523472300702,4.765360352711553,1.5848093501757836,2.223615007505165,1
1.5293277391963411,1.1118796787622292,1.0704041045237156,5.861225228387159,4.1612910343126535,0
2.058008963493191,1.6630672196986818,2.4845261561056438,5.328945112360393,4.599369214756822,0
4.136279540660555,7.267773515481413,4.797824302499316,2.9007891293191785,2.67616583005281,1
2.768342035107765,4.103670773206727,1.5271539060153048,3.555996081982104,5.788447779463247,0
2.9133134761978186,3.528018865462538,2.387853838244083,5.482560403988695,3.049737569698092,0
4.7670166556550315,5.731174174219305,2.2615173748347583,4.381671504474976,1.6966342586677206,1
3.374524883863578,3.9201565214081575,1.2266496042054758,5.3150221919140765,5.6291162486979465,0
5.871689485709793,4.862868969518957,3.497101324270834,2.269192812363251,0.6874988718751196,1
5.852660470760373,5.469584499285745,3.2428941032355127,3.9059608371445824,1.517066382327715,1
4.279698764339433,5.69199249119511,3.914242863572415,1.8724888184472228,1.2081888080014163,1
4.835778360889966,6.569961756897097,3.8433065275159914,2.793329552393047,3.367680281334673,1
5.789754447807285,5.582654782568586,5.93897463646206,4.2496681478713425,1.5817949627352905,1
5.212127560880146,6.36654262336385,5.762506051737587,2.740573243175811,2.083928679660237,1
4.07003591227515,6.2548319566744555,3.2995546753365863,3.7303847389457134,3.0965613246349566,1
4.094261785751073,1.9535124145149554,1.2650744421506224,2.684226314977053,5.198713256919396,0
6.918198473727934,4.851647162504482,5.432282344866189,3.5156141271728716,3.451126709449138,1
4.147282159751956,6.525661545011116,3.4229797015028387,4.216767189126284,4.2808461416178325,1
5.797988133580823,5.35330100061699,2.5428326789016564,4.220037409784368,0.837551807571602,1
1.177706030288614,1.975835448723204,1.8478152704318407,3.943673488734324,4.139637875731302,0
3.6732766663249645,7.483376058252865,2.3859417269052186,2.0207971627974937,1.6980775142276903,1
2.2579350349608482,2.6571774225348688,1.1791268775664085,4.74585516146949,4.522118924852611,0
5.53835712941149,5.901175053422346,5.908965332250572,2.744745972744199,4.22735866345927,1
5.172058703079821,6.330256129882987,3.0367066232772864,2.2771916499167544,1.288553117187984,1
1.5324492399500274,3.692619608307978,-0.6747198595756378,4.173958279113897,4.641456794498482,0
4.8898221527341965,6.336282557485317,4.91356051645834,2.2318372861298497,-0.005111758934968957,1
1.8303810626074282,3.4501439916877112,0.41233812118109636,4.590681947945198,6.531099000461515,0
4.904170121485099,7.36952106922001,3.051950056047116,3.778033280789675,5.908975909732347,1
4.700276024583272,7.234523803154201,3.0664815932657055,4.4704706587563825,1.0381206356848363,1
4.430215756488649,5.2754721565487275,5.40885242471565,4.853271457145778,1.760551805334337,1
2.808430848357124,2.201007907380565,0.7641252758832251,3.882595256651892,5.002799958061522,0
6.025074416933675,6.657629589163461,3.3170663454452036,1.2107736601517576,1.9513502300601724,1
5.2349438986858585,4.581103392845423,4.4671695428308995,5.100720538351467,1.968110121150461,1
0.6670407721383467,1.8975753855224633,2.7072673058019654,2.5751391411787736,4.168401131176972,0
0.97067660609478,3.3145428373384465,0.557834978100344,4.185113519286673,6.079699305281975,0
5.206793352583293,6.567568064414442,2.962448597061985,4.693033567202537,3.3037887605746175,1
6.047422853562899,5.019615406960883,3.3887460952609683,4.249212078168895,1.10385856398287,1
3.7314040405650823,7.446159090646196,3.478660879554558,3.3989200532795634,3.046715572451742,1
6.334539731954109,8.596793170423062,5.339834783573274,2.280888999971655,2.016184429660523,1
3.577991606915618,3.2483493037971076,0.03716361019302605,4.729195381081386,5.532636234403844,0
2.292334407053561,3.6758035581634134,-0.8993306640207148,4.440344057774417,5.654256288482994,0
4.275148427803936,3.9756514545418398,4.534236736634001,2.107920876174107,0.8684638778508886,1
4.382337717286273,7.714652947518115,2.181585149308561,2.6776866301929103,4.052025502828385,1
1.7877545694926544,3.976597919419423,-0.8411922764732873,4.603144115308698,7.289431071732151,0
5.244609034384708,4.61569148804579,3.665090721269414,5.189739569574732,2.2651991759029446,1
4.573468351198391,4.7783123175481865,3.247035011869131,3.02818155941964,1.6430258367209607,1
4.557003519319684,6.357322794512733,4.088907934825273,3.5461749614407574,2.32938810781574,1
5.033385309156077,6.508249254379219,4.472139485880372,3.249326895705528,3.2557393773937626,1
5.807955533551188,5.466873238464674,4.402576319264894,2.6377812814532997,3.5724917678843564,1
4.921623896077924,5.002899903622585,3.825791066004824,4.466811590710255,2.4566365713212046,1
5.018459839614379,5.843543460780918,3.572770183895696,3.202250879795832,1.2553952952940381,1
3.787811120887116,6.64584506496837,4.566821923720696,1.7116487922164438,0.7833410761050226,1
1.5656348426850466,2.831768733931805,0.7991816809104284,4.625546386188385,5.410519690365262,0
6.096525317733126,5.163745257388357,4.736830383773648,1.9312526060823523,3.4151939391709822,1
0.014520524968661075,1.7965957143265694,-1.0114481083746547,4.10888542802342,5.763273283521904,0
5.3425406013771735,5.824051038115534,3.6193875851408617,3.262394604477877,2.011431580610127,1
4.078724741895704,5.633283143726176,2.823392169238784,4.0664018865703015,1.0963448801077356,1
3.7063943817521463,5.943109819939545,3.309620889948773,3.771113230542481,0.9568622533611593,1
4.4854908796620165,3.515963503168305,2.743327232097294,3.6388148802390052,3.211510366078456,0
5.460413350449239,4.280961751835734,3.1175402413331463,4.321798114964151,1.5621488178037186,1
4.915627891834973,5.335472195174544,3.3076668078606755,2.5302869388133504,2.288378940680276,1
2.769033286222105,2.899499746467592,2.714916159981684,3.16660068482385,7.314747428360147,0
3.945029744517343,5.012035943520023,2.1015267830865763,3.6183993186668615,0.8326448335375696,1
5.711197240796111,4.386790273840077,3.3891623747519652,3.4554271437579795,0.6905775791384974,1
1.379726007189916,2.983239677802271,1.6614818223016528,4.788015708415946,6.093176875717187,0
5.655522929839274,3.5968949880390624,5.878892749104826,4.411785953698491,1.5717275792525522,1
3.81357057848502,2.5203336311443887,0.2211646358252085,3.8611855574082288,4.528860408540825,0
2.2325755641195744,5.749097258612875,2.2364622995037964,3.094604680394271,2.338531888076077,1
4.522360681975961,4.771384527561404,5.194441089677375,1.9025845132373902,1.9901778399879535,1
4.986769372683272,5.429697326010097,7.108905011771105,0.5432025105849725,3.1956584141907802,1
2.328300922463228,2.8399569344146998,0.7750517084028447,3.10117869406852,5.367490194608336,0
6.039394215569443,6.150978071439317,3.3247638243525692,3.096926351874591,3.080147148745032,1
5.6573938809202975,7.1695674918296115,3.627945200474492,4.63364289268698,3.542561762105806,1
1.5022078442004005,1.433367353223656,0.6758093677881507,3.60173541384049,5.528103156703752,0
5.34685033661888,7.372772629608711,3.009051661696146,3.9183215552203308,3.7109122506518655,1
2.4407452428125063,7.4759161317390745,3.0355563773344247,0.5017694093491114,1.271958638652692,1
3.6313126646236227,6.302987663963705,4.482975603437612,3.9154404129220057,2.1661985637047856,1
1.0502404500746447,5.105961957063811,1.063417961299674,4.314817905795939,4.855512854170423,0
3.7288502463031854,1.8558013309956216,2.480824012779485,4.649016056690533,3.5903907446370718,0
6.070961237098215,5.0856161559361,2.5811910611972264,2.4243483622647326,0.07729739718042317,1
6.61102945298976,7.053863848082869,5.24621117715315,2.8156531589719713,2.6085732184538264,1
3.1339885641216805,4.704358626307917,3.3255188480783455,3.6004526304450417,1.8936764308070688,1
5.336431310023644,6.4891498017792,3.4534590576888315,2.383046668313894,2.932150477702213,1
3.0614988689095464,3.508050158092662,1.314215407311977,3.350168666211918,7.115285969320254,0
5.058529891599347,4.397705837487729,3.9763886890482896,3.9380776068017966,1.9692485682040126,1
6.474835270802051,5.868356258339004,6.438789968996307,3.6849648232623666,2.8651146191065298,1
2.846731390600079,6.478961387729963,3.1948320584042627,3.405575557859536,0.3643384384530495,1
4.832173402560453,4.5045199655182815,5.5997406842027,1.8911150999029531,1.2955170034576708,1
2.871188552007573,6.294265684962456,0.17396699514706393,5.5352188789252645,7.068936738481163,0
7.002646577082867,5.990406642906127,5.07855410939027,4.219688903225347,2.4301785438782653,1
2.1286334166056875,1.4574088084344405,0.7405362243283764,1.7712636994856252,4.168909471038564,0
0.6267650411729107,3.4213919184987427,1.0508599408529682,4.6328610670642565,4.552701675347965,0
2.5825944062413617,2.132793353119711,0.09911826537617097,3.913559637757286,5.076271849317153,0
4.51095923398888,5.186757617236884,3.1931259590437615,4.1608868035988955,1.6697105094374416,1
3.4025236184699486,7.860434989992553,3.400488360284892,2.8959069506565718,2.36377887907009,1
4.393766157967697,2.9008611279605723,1.895430825779993,5.631220907361665,3.926665426100466,0
6.9715935014815305,5.653993731520114,4.749763131916025,4.273520613862391,3.0908280842856586,1
5.651563116645196,4.314151922813361,4.553539128330409,3.5388323119144345,-0.28509198668433156,1
2.1468877461007034,4.547728728070207,-0.5759271901867509,4.260818076098462,5.918039732885381,0
5.045602077248063,5.872314938758918,5.72410109988985,2.677486185366789,2.265680333340621,1
1.614031617685368,3.4983326991514394,0.9647066919224871,4.275178431687928,4.235075044318226,0
1.4401944453663664,1.9742017860051913,0.09248842120004153,3.6209346459792484,4.988712924553135,0
0.4047688084267991,1.7515649272293246,0.376138481563272,4.667401020674311,4.30317677096487,0
6.110455511043689,5.8548088646109955,3.846957981536336,3.832638739592953,0.8904025570547267,1
5.601694256660709,4.4955863409699095,3.6846969700958723,3.618208060701841,2.517672908314644,1
5.157671345309876,5.649937920310203,4.936684672803373,3.334997137791429,1.6059004042701412,1
5.4969383600373245,7.191105651090441,5.086850491480809,4.052648127582339,2.097657023913333,1
5.993380795315455,5.729412890122616,3.907243848890795,4.108941441219418,2.2965369948807757,1
0.898609836428307,3.4771759148141412,-0.33206288306036646,3.5450476218511366,5.9959519989617975,0
6.2059066832857095,5.478816794122061,1.1391558458757949,3.592130669470656,1.9731589420636577,1
4.170034494855443,2.0976654266382098,1.324832968133851,3.383971526549217,4.155390380807834,0
5.501745021829064,5.098635823700395,4.543747033506238,3.0321555833167806,1.0970900193813857,1
3.559931834818196,6.792734165198895,3.5367833132189523,1.8487649332372877,1.4373001634093354,1
6.107738384015635,7.153819667252344,3.2709070859689042,2.919736644031422,0.2913209100117595,1
1.0569936627149232,2.9119100919282292,0.7539820108023904,3.6929743004289355,4.579400829164899,0
5.000582984712629,6.510096274610286,3.6635789386888478,3.1075225428651607,0.2316504343677419,1
4.367645230521455,6.365719736357969,4.2414644417009235,1.364330683935675,2.011449992493817,1
1.1096151270984482,2.0992257279615303,1.4832108255730405,3.3758947628395717,5.0967333261371826,0
7.404982530778472,3.942774505986043,4.385028410975487,2.3170673046054087,1.5865732548792235,1
5.112551999862251,6.191292749885208,2.583264093207713,3.990990176702123,1.5153786085874092,1
3.861975449874108,5.975298095029459,4.686978494839042,1.582228975456192,2.719856879330741,1
6.755229657065049,3.513451791516052,3.6083989470127213,2.478537036715818,1.5737643097838796,1
2.029428932595833,3.097581499547228,0.18292428733190802,3.8163221344765748,4.158923027923119,0
4.848838195700244,9.182083242195075,4.29361649553968,3.0561967600821482,2.5589932590156477,1
1.1830883192435457,2.505033623192496,2.055520465515168,4.367163731663066,5.092747618188995,0
1.203305820071612,2.924228936958913,1.0262442792709539,4.407550052149592,4.9707641025809615,0
4.940227530316374,3.468094544601054,4.987915641155902,4.063442172570409,0.7927352661833102,1
5.436408608832041,4.839671945242652,3.1479096137724802,3.241731993233998,1.6068923556738717,1
