x1,x2,target
3.5815115253127456,6.167982368489905,1
2.4241010895146244,5.99771279818563,1
2.1867635525362634,3.405225280083991,0
3.1800071244607944,5.846950215737861,1
2.4512061074388987,1.768372823881052,0
1.4129323661695339,4.030239810103064,0
5.500587020348039,4.941257983317263,1
6.323972281282482,4.568390720655209,1
4.4685592805891865,4.776947298852636,1
2.865396905912932,5.289460247897631,1
1.1024132634998036,1.5025900093011109,0
5.7809151349775165,3.69223315880976,1
3.70802055567255,5.789703461896227,1
5.659192134755909,5.414144847749025,1
2.700663574798711,3.8005469087251367,1
4.0044104693987945,5.811729863978132,1
3.860252990983702,3.429986196242683,1
3.808779590510851,3.907643393498928,1
5.4589622672208495,6.8319354891031345,1
0.0566953714874997,1.9529905812780892,0
0.4652383251551345,0.861778783892367,0
2.52402135803366,1.8878706515469201,0
2.1611361524458923,1.8814312967189177,0
1.945868489588432,6.287956002633941,1
3.9878255919233028,5.063519287389694,1
1.3487507723762713,1.5777668437499799,0
0.45361388829172244,-0.010989161271654613,0
2.905093962776193,5.945559851114656,1
3.9870442986760324,4.85895593094732,1
3.5850981791655174,6.956527171509631,1
4.610132053458751,5.737605861508043,1
3.5827595517918027,7.080490288848734,1
1.2774280386355799,2.4321223758581834,0
3.845177854694062,4.581528971166204,1
3.4087451613913036,5.683995546500236,1
3.1290584893156437,4.248070451195855,1
0.9943713942009171,2.7313373727341173,0
5.01282773734156,5.453621357836904,1
3.2652574751658667,5.060923338907814,1
2.4061732888446774,3.3404483651566785,0
3.422342279157266,6.313959546328382,1
4.061417383699337,4.774370976862887,1
2.7280484468362194,6.007175717963122,1
4.250284309510455,5.102653105549401,1
0.4164369553122893,1.8112312824072034,0
2.1336221711574233,2.463569661293789,0
4.198549943263304,4.189377511495927,1
3.73026956569449,5.831684012363401,1
3.1045239077965308,6.14542201843422,1
2.726920184248727,4.84492973843376,1
0.11509652471297771,0.501870932610708,0
0.8603331552953669,2.263989615530818,0
4.243686448399549,6.158724977450859,1
4.98031906959491,5.8413011297809945,1
0.036412715430495846,1.7586125529377095,0
5.038270097868985,6.1058187173307505,1
3.6719693716398547,5.297425338134457,1
3.866639812730544,4.577139506444407,1
3.4543981286427083,4.832092570334442,1
4.182520200109207,5.440386852248653,1
5.5625881902271335,6.064313311458537,1
5.085284699696445,5.088350543999181,1
6.19298286174263,5.020076118149453,1
0.12508430049447505,1.868552733326443,0
0.7743199027193819,2.470426208985991,0
0.6856195034813333,2.274859028052405,0
1.2604794252328277,1.1483986647457773,0
-0.2012811557248524,2.6185482515826015,0
4.689315018965177,6.036201303850333,1
4.821679563632092,6.780869220274688,1
3.6321752245328205,4.358049758436009,1
2.9160159574820215,5.459425877521143,1
3.443296804701206,5.919889728623684,1
3.598918299013786,5.696079365740401,1
1.7509389099204724,1.801671643343995,0
2.1675729466155156,5.56959798139764,1
1.1746408369255428,2.9787517375480315,0
4.423188569649646,5.819828128502266,1
4.366276929861966,5.200045163165675,1
5.12839317029814,6.32417957305172,1
1.892820103355441,5.753617836228681,1
3.7552626629537658,5.062134254790319,1
-0.36622279041790873,1.523476372166693,0
4.195654080607717,4.963188964774775,1
4.222238990993275,4.963340774226343,1
3.220923516652803,5.903016458264742,1
3.000149718346082,2.3348161221392383,0
4.500483818205684,4.532519039879136,1
1.0900977092893382,1.3267817217098261,0
3.1401025246836185,5.8111876861846365,1
2.0244613413691246,3.6673737911851347,0
4.709117940335382,5.496183617089783,1
1.576275574272481,3.136637695134442,0
4.934959352203049,3.5235130439961937,1
0.3032463669759957,1.5060120517384987,0
4.5980680882182146,4.0463650411977685,1
1.0580950859084246,1.343450175424202,0
6.278350026052861,4.6563950960806215,1
3.65573697620849,4.953258188136386,1
0.6874758301721577,-0.01145917860996315,0
3.996884115207067,5.040754754865032,1
0.36004296964197124,2.8246469813333963,0
3.3416393009978806,5.0233067558567495,1
3.3231705993738245,5.959206773038531,1
2.980889311701578,5.990184623282785,1
6.171494278448859,4.424724189788746,1
3.6239923525152946,4.300174914739773,1
3.00386619549682,3.895165942715166,1
1.2248874113515469,1.6597154985407294,0
1.4375445174611172,2.690728962237955,0
6.050856580357814,4.848196966857324,1
3.633176602672642,4.782086269999421,1
3.536263509696301,6.373148487511793,1
0.18390165137888315,2.100461023937645,0
1.0011385523937437,6.097737650254286,1
4.548631075309255,5.300554415144761,1
4.750955255482253,7.335114556881238,1
5.207518453727522,4.354864380418001,1
4.616659516807103,2.7647894206431665,1
0.972783114750108,1.4814078284312793,0
4.671508738396222,4.805630735870483,1
-0.04807275367106123,0.6847851249666554,0
4.270871277088682,5.783468728671017,1
2.0098783112094893,4.789538481703671,1
4.158159305959249,4.170176770672878,1
1.0591039344991622,0.6145822473153406,0
5.987721573090127,4.485570123117414,1
3.4590944349942996,6.141356611868773,1
3.470035858524281,4.668494364734334,1
1.9418254392056902,1.465428467902899,0
1.174477134343512,1.0178181702203712,0
3.0484836474641805,5.254315441595969,1
1.4594568088120607,1.8761302362951937,0
2.3253465947709664,4.796389535925617,1
4.406693504139626,4.280217435188422,1
4.828051360318035,4.972551098761171,1
2.5626486300273656,3.5312769895240184,0
3.3204549021360634,5.225072556995494,1
4.486267850297981,5.779966427831586,1
0.10322820614887396,2.9545395461321373,0
5.093811681364544,4.447958704711982,1
3.137236981289959,6.505130085569796,1
1.2292124047498802,1.2504195525290167,0
2.936084660886366,5.238404047018377,1
3.1673093695549843,5.598805872288588,1
-0.1545090722351743,1.6162274503124645,0
3.2150822753915254,4.927668055120539,1
1.698748252312117,1.4738330174572463,0
4.600543787326868,6.095006812681824,1
2.2940676770074186,6.529363857910054,1
1.0292429434869916,3.037855667172617,0
1.8119526012648315,6.025107656704458,1
3.3396644062711753,6.480895907910851,1
1.782530913219345,2.7120995621035404,0
1.41085031782564,2.6856565982905103,0
-1.6999017395097247,1.3770455545757336,0
4.3742782727168255,5.543751959783438,1
2.640063720200809,2.9308736290424715,0
3.782190428452022,5.5475387020507405,1
3.5162386312558542,7.435827182205974,1
1.4974856389627906,2.5535685031869546,0
-0.17888366149939894,0.5264529227240644,0
0.661549795228999,1.5753774636701086,0
4.581428089608165,4.856868504135302,1
2.009736890209571,5.540238138918454,1
3.7436871590985357,4.2494109273470375,1
3.1750352212646176,5.2741132503510535,1
3.2395804369372962,3.04679662820971,0
4.210182668498099,6.193488939386119,1
0.9002505292116076,0.8242487819484936,0
4.516406057229987,5.020126141374396,1
0.4643583471772593,2.6517544849561343,0
5.32887908786963,6.776857224709776,1
3.348850942842651,3.33556125167795,1
1.3428752083444762,2.4397499965008964,0
3.6563232927390135,5.156972562766844,1
5.525312233584396,4.418632158683152,1
3.7985723850960302,5.464134068267148,1
5.226939934786414,4.552163829190424,1
4.764327020621102,5.738884779426597,1
4.542475916211682,4.74059593982133,1
3.0952609815579937,5.839730528851311,1
3.3592714380956887,4.689554234348546,1
5.275719643349464,6.877703028965842,1
2.2837192249693414,3.3406141011323065,0
1.7068296405863443,2.5710716522369212,0
5.737027282232486,4.7313153645883625,1
-0.006643061111772042,2.9769443170453593,0
1.5779466038364542,3.1488156641811442,0
3.980716475475421,5.90620468409608,1
0.1308809889025253,2.881974508943336,0
4.680574187813816,5.789098532255078,1
4.52305292512805,4.631278639341675,1
4.878069905667746,6.447068964898409,1
4.770061309828509,4.776282295749684,1
4.734886919311951,4.76576934932998,1
4.454808489338568,3.906696127936134,1
4.460400382239726,3.377586606625403,1
3.40600572182505,2.8701472982243605,1
4.147259074265858,4.496308456302595,1
-1.3217517097164202,0.8998776612234436,0
3.4336320095248434,5.440919343092179,1
2.529400813390226,2.092753472393572,0
2.909378888955911,3.7102494324895408,1
4.34277896155972,6.338480779637907,1
4.069197773075016,7.753198469099143,1
3.293112583687628,4.755938599180161,1
2.110972877394804,4.962331154101696,1
1.1418511177300805,1.4050631096987898,0
7.638772550976638,5.330200285510998,1
-0.12349420177127257,2.6221708158218426,0
2.716238847716873,3.300322484432133,0
3.2295216421208073,4.532923806691633,1
4.30817117578501,5.0492673300712445,1
-0.1320763369521114,2.2115430482988914,0
0.3486754730090583,2.494791682107527,0
1.0181124369432415,2.9119033888309596,0
2.719549235423577,3.614100982617447,0
4.100085751320498,5.718559553428966,1
4.347795001466844,5.224415088681466,1
4.718038570302093,7.557529131593798,1
3.3747467727656044,3.264250408811837,1
7.384950645430674,4.512887961782278,1
5.4222897544046225,4.910473411688436,1
4.228704410051144,6.255635655675838,1
5.108150128893821,5.777485855102064,1
3.9530758796545227,4.5829238632710805,1
4.804566490642401,4.919699804589461,1
3.863331718014469,5.3776334346393595,1
2.982851033352489,2.321900418056676,1
3.0161802167162226,4.847337692406031,1
-0.0649367031070529,0.9599153774631455,0
1.0222889760015008,1.8380891870031166,0
1.8127520729000284,2.2363775459550364,0
3.6893918625157798,5.27359328068835,1
3.6551933285998057,4.402571074331484,1
5.623977724801046,5.68576216495893,1
1.7295679775169666,1.6557241709409367,0
3.8418159180111378,5.724495593032426,1
-0.02784383784684885,1.7171430546652926,0
4.651439947623376,7.144675054464896,1
1.1349866959509287,2.581414659762162,0
3.949097759691352,4.576787253796502,1
4.046477108991627,5.105351844208985,1
3.003487906065898,6.245136405438878,1
1.9211935601697117,2.4661813040303233,0
3.344532046273174,5.186673784569179,1
3.351473001762554,6.9316149165375975,1
1.4333017579794645,3.0153483710732143,0
3.877546401408643,5.126306543184783,1
2.8591088736808876,4.808414125400015,1
3.3931084446992776,7.30872825750016,1
2.9378061331116907,6.61410450417346,1
4.0790526592033745,6.000442123345058,1
4.856110938046165,4.65877400359158,1
5.631939711718153,5.660646522345079,1
4.2922062758436486,3.7365980890921664,1
2.772410722584299,3.9906707577830023,1
1.480958584441914,3.992726187515661,0
5.017988165700502,4.802028927686978,1
3.5144739483616334,4.34216327505453,1
0.8051659449046764,2.703190437175695,0
4.598319403671901,3.4178116623781816,1
3.9761362896070653,5.567828147934668,1
1.9543531486312082,3.187282504151473,0
4.064768666639454,6.143607461242555,1
1.639437132594062,0.023186552730207977,0
4.303129949469433,4.432222987586211,1
3.430899521773945,4.388599511054814,1
5.148713189115639,5.753704182422327,1
6.1592976855943675,6.879699405729789,1
5.957604450952777,5.891526520328695,1
4.174997201519327,5.121263605033693,1
6.743761930591983,3.636897162910063,1
1.1748904848893837,1.2892692715204883,0
0.6324202378408103,2.088333909898948,0
4.0764706350781115,4.675164268386345,1
0.04329985575749562,2.58993202020458,0
3.318390257935389,6.816031715393516,1
3.8169124318015415,5.961472707193859,1
0.5034472034289799,-0.1295108636853035,0
1.3951919569125022,3.9413025708457283,1
2.525250763734639,4.488554615003864,1
3.366764930611241,6.910563878382546,1
1.6491487264060873,2.0980898505090946,0
3.7402597030609614,3.590029217677998,1
5.264285821940682,5.574116283509241,1
3.32297598814626,6.380605504910921,1
0.6983773428888429,0.039684796588418836,0
4.553784803198509,4.6796561821034715,1
5.589034119251748,4.17751457314027,1
2.2840075334530363,5.185904158454756,1
3.5615349439666186,6.072304615729937,1
1.8595313064567205,2.493666289365206,0
5.980296600543532,4.6167600011970675,1
4.205551109236214,5.234108835543162,1
1.7966245519511719,1.6385357056769383,0
4.4837607572138065,4.633679785481829,1
3.8316673443438,4.571180060685156,1
5.15034276229474,4.528475241939223,1
3.5686311756893065,4.217763518478829,1
4.762950327662907,4.8300074153963335,1
3.0960424841475,5.192487067853549,1
4.28521857600275,4.989814670974234,1
3.97926192772,6.995910861684846,1
5.0395034850054925,5.281267161065446,1
0.9809004224611703,4.147911658111473,0
4.268699730447841,4.592653615836123,1
3.720071133407272,4.113162018612165,1
3.5901415026955217,5.090653760408793,1
4.504165116155549,3.070574245789273,1
4.019357816839665,6.9049716891803055,1
4.357893961329274,4.623825201335892,1
4.2880990859367625,3.8849446389915427,1
-0.5058328339332476,3.4087145385775104,0
3.97240360949228,5.016061670759274,1
1.5643811056285213,1.0904031048762817,0
1.171678357998908,1.715769161889457,0
3.3448113830892963,5.2636399009797845,1
3.523463775776295,4.555677249189399,1
4.09166834334367,5.680668321427648,1
4.037792199628457,5.580986013694677,1
0.736251773011696,3.0247154953142745,0
2.6547069644983634,5.514380194108172,1
3.5399275898184994,6.230577958862185,1
3.7309797531448226,2.487726264589239,1
5.411423099947857,4.962247694181217,1
3.9371203946208904,7.334505143789165,1
2.6753163664501773,3.7971374794582045,1
3.823294631184314,4.793209907107074,1
1.9368356376094706,0.6730119226446938,0
2.044137093833573,7.030768958548094,1
2.5267894696339264,6.645915581288727,1
3.5809118411073864,5.427211759032895,1
-0.42321980773390955,2.3788534207766165,0
1.9997647176892324,2.336949572332231,0
2.5789026255156138,1.7865112174258928,0
1.1220957580053017,1.302234068397843,0
0.12959518285480465,2.8494398964381564,0
2.2954032208577595,4.71805318949483,1
1.5720372320337517,3.348881938145691,0
1.9449759471894255,2.7765102686169034,0
4.618960984212753,4.09689805899971,1
4.180119682580154,3.1817208497978187,1
-2.1446225153259584,0.18007638451477037,0
5.149895973461154,5.152912860253112,1
1.723459437749081,4.653886317148673,1
3.2321736311877607,5.042146886374847,1
3.5913724805899947,3.4939134363560496,1
4.486780775959529,5.591902080847944,1
4.409520030024235,5.0357987361913175,1
3.751286921859345,5.015990520384126,1
1.9382101375141296,4.9588853528962185,1
4.29112626963299,5.378887955909149,1
2.782341917274257,4.771858522329616,1
4.385768014826668,7.091367347305093,1
4.942889231074436,4.653409521972193,1
0.5299946328174203,0.8474069675533322,0
0.35399147142274257,2.2660914692327125,0
3.6572832096544428,4.276084842192982,1
1.1863334163549024,1.341101419912035,0
1.948671851595372,2.35498491127971,0
4.414579972233917,6.091481674133902,1
2.5114319689316864,2.938478487177283,0
5.249163268460952,3.626445849570115,1
3.879698801940247,5.041126458045064,1
3.237387362364715,3.7853152884664922,1
2.497714930771761,4.508289188549864,1
5.209209919455389,5.8239392834320105,1
4.0565635525071055,3.918539175225869,1
3.0233803414523552,3.4012986105266245,0
4.585237194043612,3.8951192678456836,1
2.8348754027027088,4.197054979880101,1
2.4095474365413674,6.084948330673048,1
2.4054113283385776,6.014140890432109,1
0.5930846828309451,2.0030077324501687,0
4.636477095639298,4.181264960934009,1
-0.7690303395266427,2.8227517091996037,0
4.223120964377199,5.138079544299768,1
5.239047492415745,4.65696041507665,1
4.668065227287085,4.736430479298668,1
2.1872553141942044,6.976197988598121,1
4.079428687301415,6.5289754209279085,1
1.1966536287240317,2.871795078229541,0
1.0723106009080754,0.6159323012693454,0
5.36155860059608,4.828433283846001,1
0.32794314427345417,2.25300844141078,0
6.522640726209645,3.3348112655231916,1
-0.876334329308645,2.382917907531221,0
5.525251229325848,3.6202465308440073,1
5.3515130104283255,5.2120349231135,1
1.4735426921895824,3.5595715939190242,0
1.3394986824712218,1.5382701401980343,0
4.761867588764964,3.993170418530819,1
0.681334510807888,1.5177379834312397,0
5.646252988754889,4.315150209026463,1
4.639769387560215,6.696151140857524,1
4.450450172978048,4.502701572657799,1
2.8779002058205867,4.828358162214122,1
3.498706392698275,4.5482870072347765,1
-0.3854901135262878,2.8344251607789412,0
2.20715504683307,6.570365043008792,1
2.6650488893445035,5.445495470522434,1
1.3201679536125104,3.2514590159704486,0
-0.8535250612683485,2.833194960668707,0
2.3899655021678576,2.8922512441943464,0
0.7926990105411036,2.6417064571479405,0
2.031610864038747,2.322399921668752,0
3.3786355021673327,5.247608174343442,1
3.7601380668062485,4.377212512381684,1
4.362298774651525,5.253082537311192,1
4.357405154564561,4.528078294982573,1
5.01121917124885,5.72787722305699,1
4.868034474586703,5.566083865049159,1
0.9474395877492179,2.0862632198286306,0
3.6705528944312933,3.9132306266787467,1
2.1819548192669282,1.450300579885226,0
3.5093541886092665,5.928922918125938,1
3.4267190822150653,6.424795457130115,1
3.751928372089812,4.186546034620798,1
4.407772142384672,5.056912551743823,1
4.091305999524808,4.591412542727815,1
1.6306593256374229,3.002481783889399,0
4.825861959774848,4.252157564727865,1
2.2292362987746284,5.699432920900117,1
3.994908295836127,3.994184892637779,1
2.599641154152727,2.184270389126027,0
0.967978300034772,2.0235664882286932,0
4.131367999306975,4.166002846830961,1
0.866044345669154,1.6068011038786427,0
4.261350848730696,6.095275548525888,1
5.699934422245101,6.563168461031706,1
3.0143059329032686,4.142021048975582,1
3.6312001717278615,4.904542253794912,1
3.7690085409116354,5.514184838466961,1
-0.3300120738137655,2.289374623792088,0
4.088287587202346,4.9355555094140895,1
0.3892888276599141,3.5809339316698714,0
4.182577472873173,6.369383936889912,1
3.039592763964524,4.32003015683011,1
3.377584971940368,4.666922799318274,1
1.7598608397003732,2.3721657594655574,0
3.734778226050947,5.499023031850021,1
1.9562134286929154,6.922279341332174,1
1.3785697672056636,1.4639322563245578,0
1.0916249778068199,0.760930509257844,0
4.761258780901551,6.781471181222411,1
5.292039495587708,5.4906596746180325,1
3.3329333516301016,4.118438263569335,1
3.766693156257706,2.9539618510144,1
4.0234021884591975,5.554350011996804,1
-0.28727985208773754,-0.24367128102847646,0
5.736971482427182,5.047732495364753,1
3.457975709508541,5.471714625264282,1
4.686989964163113,4.153900768887886,1
4.253355943942663,5.4442240098822685,1
5.15667993506108,5.463691834148969,1
4.056573050342192,6.153570295190145,1
3.1262045863820656,4.06399215675672,1
0.3510268410486521,1.7193029904049812,0
3.102208720356334,5.6271144229958345,1
2.6258619474201526,4.598350105382794,0
5.115857601898398,4.276038042344974,1
2.9537310489104813,5.500307642056249,1
1.6006682104226497,3.7961787122749593,1
4.715799299695118,4.903215997275181,1
1.1856985212032431,1.8441530136167468,0
5.1470546263371615,6.092850689935694,1
3.952168665496779,4.605976654228754,1
0.6259321874336032,2.7755104395911894,0
3.852409097744431,4.607624313838168,1
1.6437545523330919,1.7519218955838132,0
3.874071943201259,5.000841440355481,1
2.6655373295132074,2.555887777767917,0
4.113098880938091,4.905480379086046,1
0.3008336575394289,1.126833017207355,0
4.874406392254602,5.911927013193715,1
4.7803138884360035,4.96138444645831,1
4.698134995608212,4.654767806998876,1
4.695530803794864,4.413433546972219,1
2.672294784924854,5.9847579723866176,1
4.86599239384989,6.002951753169241,1
1.9488604649963688,2.7236487039259005,0
3.2513160017483527,5.392829658625779,1
1.8556715451416887,2.4754026890661427,0
3.737349421156915,3.1694040651543984,1
4.406503954193783,4.23846703566948,1
1.9887470831027243,1.9664594180452368,0
5.0683511986648,5.258552177405009,1
1.8220131549956984,2.4409448300079366,0
3.925852921369836,4.0896608202528775,1
1.6490255808120926,2.1372158308173193,0
3.7570697573854783,5.655033608091694,1
2.7843654208787125,5.199684637979713,1
-0.32549111544773646,2.4880700237491897,0
4.415782190545176,5.76386227093887,1
4.229460082238457,4.280131925042346,1
2.8078440047857263,2.914717932413746,1
6.006179019493643,3.9398609383988727,1
4.017866228527283,4.637162710666945,1
-0.7272225844026887,1.1808184327953222,0
5.7078143073921686,4.254042604443724,1
3.9963102170319034,4.653545577257607,1
0.7459769069538282,2.9967807931136257,0
5.882555180202864,4.943678641398221,1
4.296188705233319,5.6006379922057175,1
-0.4020528022053027,1.5346551295523583,0
0.18824602540563906,1.4051792121139586,0
3.9132848030399967,6.565770126479901,1
2.101881724157434,0.7501584695199164,0
0.27297102129832784,0.7901297284356013,0
0.9310402934757058,1.4329247382798167,0
2.6069603559648566,4.23942280553503,1
4.125710495980268,5.214034849276929,1
0.9945870677979819,0.657899891064184,0
4.189212157319121,5.118590604453209,1
2.848507492029592,5.4744675669890155,1
3.390365317180183,6.719419951364458,1
1.4008149224233222,0.4926237701375258,0
0.9725296788382439,2.977792436811268,0
3.501716363373777,6.096077420980857,1
0.7096990096648308,1.6710140620222311,0
3.616163236523703,5.3387534581784495,1
4.461658176566823,5.400379595709425,1
-0.7849239511887358,2.459391772292112,0
4.21922917417338,4.007157371182402,0
3.454206850795499,4.66020258420409,1
2.461496150464713,5.406905174962391,1
3.469234041902311,5.596472883788121,1
3.7668791722652224,3.5492295359284856,1
4.76839171319943,5.478469064519092,1
5.2615269708927155,3.970407020342441,1
1.7631753845582412,2.482967830238964,0
4.1976432861456106,5.1567356633672405,1
0.4905549337496454,1.104798688255067,0
1.6216436471964693,2.803533645484306,0
0.8116720024429448,1.752229469712308,0
4.364636701704,5.3342139544243174,1
5.216542939470102,5.948616055519859,1
3.0663232678935723,5.781405265916215,1
1.523058154292211,2.701006482227349,0
-1.6945514081237816,3.8640619681909474,0
0.9658344915189992,2.388375784441271,0
4.648863147508683,5.735191810413876,1
1.4681188250820902,0.5021817751613284,0
3.6395451859711656,5.9874483183831755,1
4.0742513120264325,7.46327777775287,1
0.9766885543149486,2.3334841814404093,0
1.5857782010035577,1.3105733825938073,0
6.054660322254167,2.876661500365393,1
0.5514325887950988,0.5803881744055235,0
1.002672106806961,0.9884696087178737,0
1.460781774995602,2.7168990321364377,0
5.122475748019085,5.00952399788152,1
4.976895216539689,5.400274958512193,1
4.006578824322068,5.183539536699873,1
3.5251487061419144,4.869276865408959,1
3.508451851778216,4.091891283577264,1
0.3972464789728507,0.5599206752400154,0
3.0128226167346788,6.79778660881054,1
4.031920687660314,4.9209964935490556,1
2.9614966687936555,4.813633716421064,1
3.5192431189191598,6.021119755919527,1
1.3256059551389565,1.2556040944787432,0
3.941020863368624,5.38826311071145,1
4.932516860650649,6.122556897019387,1
4.982256177418891,4.320369828038721,1
2.956104744654275,4.461347850171081,1
0.6785347762943464,1.439297203623257,0
4.283841033590758,4.333561713425426,1
3.822529600885253,5.810994116848994,1
3.574481314518829,4.991410979102046,1
1.0005879613330626,1.3335800753169693,0
3.226647209388418,6.571273469747884,1
1.4524773313605372,1.4692838944678144,0
4.631639935618852,4.364091675866812,1
5.3737557254619315,6.336025753369748,1
3.3814497888194768,5.516450915947498,1
4.616835281571678,5.4087650739854745,1
4.359021648079119,5.171649581954096,1
3.974133784025021,4.812321750457019,1
4.15711733311118,3.7969525584038726,1
2.1997893336200507,2.2345095868742972,0
5.015215484330145,4.165594817768495,1
-0.7374616536559446,1.3975628944880478,0
1.1067155440719432,1.7529252758540832,0
5.245718028607488,5.258282136949436,1
4.188162210675611,4.845845984535304,1
3.65479313815522,3.563628584763869,1
4.770273958763224,5.643005900448931,1
2.723327004438809,3.058019427632498,0
4.670917740897818,4.824679480481768,1
4.926216124146395,5.09590512530533,1
2.969441890591063,6.5605798904105885,1
1.4471662813176482,1.4280810711214003,0
3.5136847750631044,4.990914618778944,1
-0.8818021861906371,1.1613680422224637,0
3.4641530932327624,3.521253911205384,0
2.4889787599480666,6.434290705502489,1
-0.6629451240714004,0.8162356984768402,0
2.972876794849561,5.826597394246751,1
3.7630749664895977,4.414729577354475,1
3.8001292684610055,5.007009948564706,1
5.036768244104489,3.858110597591822,1
4.9104816509579035,4.685883890341075,1
1.9909652664264879,0.6722523061405958,0
5.191709824155312,2.531070635728564,1
3.6314216073709296,4.8254185726879095,1
4.674528353204717,4.83034333390807,1
1.1946060359423172,1.4844198494554508,0
3.681678571268395,4.6309374232362375,1
4.64598755489366,3.953783896322988,1
3.9850280985052957,2.787705353512932,1
4.508721533237463,5.820262836783566,1
4.274413432902168,6.769155155521162,1
3.0340863183218874,5.555030870721751,1
-0.2799852811103434,2.4257017134146572,0
4.0357166645105895,2.883000255661082,1
4.378235071758784,5.354517155406801,1
4.9051472734001855,4.505138370782409,1
1.134661019169973,1.8570937797427731,0
4.619480355223914,4.515144417334774,1
5.175954987177647,5.13943195748515,1
0.5696997083726735,2.2738989975640793,0
4.589156054650923,6.470620850634278,1
3.8946105939916307,4.229538447573573,1
3.2701763589880737,4.26459532942734,1
4.140841027434592,3.5084832428164434,1
4.488383483008381,5.836102745131877,1
0.7577530684228355,2.602569846067108,0
5.369751260110231,5.62120201147089,1
4.233540820617701,5.90985636106819,1
1.6555133110434213,3.4478805565294572,0
4.1837868139689585,6.530974512501999,1
4.06778821007447,3.5362694523927676,1
3.0892446257291644,4.840189477225845,1
2.2794975605673233,4.508765000608183,1
5.512508324860324,4.044653044627952,1
3.9384028837747027,3.24006082201182,1
4.605382683344632,4.640778439934948,1
3.1990515750774327,6.739673699327948,1
3.8813443501865357,5.1773937533532735,1
4.964215992378221,4.417523920749328,1
-0.09201339823943,1.209021403251263,0
0.08067855959042702,2.105053919859095,0
3.615103426784221,5.631220540489932,1
1.6568187427734298,2.311682043571725,0
5.111513897863919,4.372200421091476,1
5.266545192022827,4.361735150962709,1
-0.5468053707939513,1.090841592076477,0
3.2490154566559553,5.328732577350349,1
2.6799723143847523,4.156816764325604,1
3.0746646797847235,4.237911711945316,1
1.05751950006552,2.6994852010608343,0
2.174787718997229,3.4155291395472327,0
5.016138560096237,6.722396859700905,1
0.6337482259252392,1.2666356487151527,0
2.101880965938345,6.825236380195621,1
2.3022327672667697,5.1449525250309005,1
4.571101813819163,5.881822278074216,1
3.1603995371872595,1.7475474852087125,0
3.764803031828031,5.888116594575013,1
5.623370716888423,5.622239673332635,1
6.436927832545977,3.681310970448923,1
3.6604048030160965,5.8777611741768245,1
5.211535814910439,5.810610678600944,1
0.8243099557770145,3.6582170755079737,0
4.245637233728883,4.682331616776123,1
1.7095385719911271,5.895000960235854,1
2.519143142736985,5.1824062976035545,1
1.769722082507113,1.3368283912229537,0
5.968481486400248,5.247984784724498,1
2.830410578167025,5.0031323003814405,1
1.956629192096329,6.171609511581739,1
3.6444576579874237,5.936364304627949,1
1.765994700240385,0.6799374562535301,0
0.9665329000648331,1.5108974012646597,0
5.051876275254807,3.2616896312821586,1
5.514381425509673,4.425781550543656,1
1.5802115149343638,4.18213491127378,0
4.718841188571041,4.220808189163312,1
-0.3959006208658904,3.8226469417484648,0
5.100565083125829,5.639581685944877,1
4.761493054082546,5.721904857531478,1
3.8344301311223443,4.697538823352796,1
0.9714857314239519,1.484146332943645,0
2.5448820075229035,6.047411264796292,1
0.4351642313388596,-0.8745772017792377,0
2.96470955031899,5.297749346427108,1
3.9900986675465924,5.432959426560446,1
5.0176084148125195,5.560674338014816,1
3.493056532718504,2.7837283365293795,1
5.790856984349228,4.3412868818898405,1
4.249933932351809,6.117157565232972,1
3.770993572240917,4.023130523480708,1
4.248880605501699,5.4383430825124135,1
3.1440577804418606,3.7453317631838017,1
3.529971095041189,5.164859428340876,1
4.68061749116427,6.722564188706375,1
1.769427937946281,1.996398365038816,0
-0.7845588373028018,0.7760878354918517,0
4.150276608048916,4.946934189000039,1
3.894115182380644,4.842635502236394,1
0.485463686534676,2.615603320994722,0
6.00376847801319,5.709654387781798,1
4.954585697189089,4.182732675759532,1
2.8173590792586656,3.1166491425242455,1
0.5750446100477473,0.8924429992356264,0
3.5654918075655573,3.7018292479724426,1
5.743600490980095,3.8989633588818373,1
3.5862162268274007,6.06279119786531,1
1.3720726473914258,3.183819681923974,0
3.7687710954754103,4.739787614618126,1
2.800814808017882,5.350910269733909,1
3.7083042332045184,6.095131606326598,1
2.0409319238725017,1.7876535833059077,0
4.098492717170251,4.2097793575706195,1
2.4717698477716827,5.432596003304936,1
4.804497282545552,6.190840824076598,1
3.071315460353384,4.505040991232277,1
3.7288404312288543,3.7229839835860217,1
1.8965772525833733,1.9584374658801358,0
4.535010636719203,5.525605621003081,1
2.763257715111981,5.920455682040324,1
3.1400223574736845,4.9419762635900675,1
5.693709077570148,5.727370358907763,1
4.084469958935879,5.845085083375855,1
3.0026142532848024,4.1780920187371375,1
4.467017534168427,4.718662570819866,1
3.149968208145917,6.029291083882676,1
4.02332200587234,3.1243740062079555,1
0.8363990344016632,1.7483134389619517,0
-0.45744168213485636,2.147283160676802,0
5.316453762715692,4.442402725508383,1
3.500853627598373,6.668725748127331,1
2.687432664958439,5.541246192688851,1
3.017807469720059,4.293100676607612,1
0.5299909809594158,-0.1621751176660089,0
6.218899121383918,3.853013933974162,1
4.345781795162595,6.817991986157848,1
2.9561097253507884,6.543114659394687,1
4.346209756260957,3.796503131906158,1
4.428976863259699,3.3420177894250163,1
3.291950610209038,4.477203720369583,1
3.6144646447567905,5.764113851592648,1
4.70283253927358,5.963811161504804,1
3.4863912083090827,4.28091589195516,1
4.124505070715023,4.036984224294383,1
0.28080542492676386,1.88872516033323,0
2.7457661849893036,6.171065582314157,1
4.042164223480078,2.9168241117936513,1
0.5254550447198355,2.8255453487556865,0
2.522414290861056,3.7430300112768764,0
2.155040458484229,1.7376922218908566,0
3.4627967773491735,4.42171021919235,1
6.400265816403426,5.92946338226185,1
4.410775562829787,4.035878593023033,1
4.355795671697183,5.769508164621944,1
1.5187279769657338,2.807062574027178,0
4.049174814834689,4.509045250762166,1
5.6644346946504465,4.837874104379332,1
0.8500293751858723,2.325341094734608,0
1.636632034788345,1.3851315861564417,0
3.873091550580454,4.940963991119624,1
4.293420307195548,4.572564447225423,1
4.125236513595448,6.104958370145336,1
4.91662556521292,3.799066191113481,1
1.517933470514437,3.064701674872243,0
5.503455143629406,4.828689552705485,1
3.0896355579894568,2.2772081895280065,1
-0.4966215292526832,1.750253873833833,0
4.060716655019485,5.899547106591156,1
4.274417825997601,5.378199398862568,1
4.114307622071156,5.347335587901485,1
3.589977513808894,5.7657046294908225,1
4.703026854881756,4.754242953850793,1
0.06748743902183274,1.4564709977276777,0
3.3250838124490047,6.142480686208474,1
3.9963383613108974,5.410580753032635,1
-0.6239733165838273,0.5825899372306116,0
-1.1035345358139845,0.646528566597588,0
0.6068178183792798,1.915702581982282,0
4.794308634912392,3.186337401775887,1
3.729123174744068,7.016569648540736,1
1.7272079700785539,5.922457835425153,1
3.2451934906986915,5.154095619673435,1
1.7945041338850367,3.4606183178234584,0
3.6946431971293587,5.996926142385588,1
3.7753798301304564,5.102286684624301,1
1.2175187148293338,1.6217982871093937,0
5.1606380911864544,6.109318005486263,1
3.1505617129494423,3.4593373104716454,1
3.626068591829419,4.927207456938691,1
0.09291854511055575,1.4565202416734173,0
3.280307052414756,7.144697517851565,1
-0.382171137384103,1.7197343596370862,0
1.327297777713698,2.0502631942169955,0
0.6548728474732171,1.414626306789096,0
2.683141855541445,1.547576554217499,0
3.226216943189743,4.473865400786037,1
2.448353964442899,4.32443774030315,1
5.330668229825861,5.40787372110154,1
3.167404103169354,7.361071711353272,1
1.24248062861457,2.517045817228779,0
4.164915560425809,4.577573389653899,1
3.2320321560679117,7.134132591979089,1
3.647147360598238,5.588896583938147,1
1.540696508672177,1.4790508191831608,0
3.9739523720758236,4.995531538317144,1
3.1045006762188314,5.528327841219836,1
3.6262864286412633,5.487025166205192,1
4.731702947284524,5.254498286199604,1
1.6292609780369305,1.2768802837011113,0
2.982149237478317,4.40287736293434,1
3.2046454167384772,5.323753804129541,1
0.009275741737882037,1.089164686309069,0
3.616820275373672,5.055687958845974,1
4.868172520192573,6.868152313712461,1
2.583588694152482,0.8599188411562191,0
1.4965198054571507,3.0929156854965356,0
3.3524115452481373,3.630430901063951,1
3.1623028128793216,4.178341022576533,1
2.547280858555647,3.87010611648237,1
4.866744595164732,6.507235193135241,1
3.857061172035113,6.0970502765761525,1
2.483911024839324,5.200700462350375,1
3.3752439090981046,6.700210979411871,1
3.812185783739624,3.613436711098298,1
3.544651770138265,4.637030741989873,1
4.4871155481380836,4.767333526219453,1
5.056596015948445,5.396085668095207,1
0.7065254583640055,2.000224016836116,0
3.657548037858642,4.386501548283514,1
3.2784487730295395,4.897642685356633,1
4.8953159434287805,4.641083563553805,1
3.5656726187798484,2.9470611754167053,1
4.525260593605115,3.598275955353065,1
4.106198642725285,5.770518308468987,1
2.884175753258676,4.19854274538635,1
2.3581230813785545,4.597387747040573,1
4.875740523756504,3.455054891193713,1
4.692592147454287,5.425159084345669,1
4.338051634301882,5.2653625860644855,1
0.3797780082666563,2.0433072080910972,0
4.099249237129266,5.492341030425583,1
1.7683623640022228,2.0870450335586264,0
3.054283383671193,5.972623269092409,1
3.9127840460363807,6.5123977474783485,1
1.7055052868515426,2.4529512110510114,0
4.217556172246942,3.9971268316255797,1
3.657529818591583,5.824601639608684,1
3.5509832862495405,5.075360201724504,1
-0.25507404164468084,0.8325960848502469,0
5.211956547556957,2.878378462172546,1
4.3997789379504235,4.833825224253442,1
2.946833145949877,5.400416167774337,1
4.465107745690027,5.388478896199822,1
3.1662986088438814,5.216536852707938,1
4.798865179415997,5.420619346477309,1
3.486625229509324,4.539427111488912,1
0.3266730338199849,0.7715369157921406,0
0.40315361610920075,1.2139117953781402,0
1.6805678815929816,3.6001020017622762,1
0.5167576006377768,2.300201180098592,0
5.007742341080224,4.528072803717537,1
4.394810446757816,2.6013984719477725,1
3.770788067321482,5.7526309893460015,1
4.786298308841497,5.830829597047989,1
2.5387104899941066,5.7393462082667455,1
6.569174601152975,3.6126569919520084,1
0.0561734421231459,1.0682813632065868,0
4.631992442999326,3.9819254514357683,1
2.350338591495647,5.949421516630319,1
3.65814218231514,3.668266899249129,1
2.9747021155179016,4.2370747759145795,1
5.144923312119996,5.109922031832122,1
3.671650795622096,4.901965429968809,1
-0.1467507266101149,1.8158068555699063,0
5.259161359156207,2.9719978843846433,1
4.619200684775791,5.2614384489508135,1
4.450203387935989,5.334891615413754,1
3.6443634923878143,4.228357601473584,1
4.0040261536196455,4.4853944392317695,1
0.287556536267796,2.2662929555759312,0
5.397595931648946,4.504283671338761,1
-0.3190127398802487,0.8178553331912364,0
1.873123306455542,1.8675738878612027,0
3.867747156681716,6.897668737526183,1
0.8533395038665517,2.8666442225401476,0
2.5914829402140587,4.821952490876501,1
0.31989198279525266,0.6199352760448897,0
3.438398225705404,5.233298310176777,1
1.6684358075629775,1.5378251110489218,0
1.706895667302605,6.621602548262623,1
4.741034136302658,6.019724956901675,1
3.894407178013949,6.607080588872625,1
4.277801308530756,5.754033716981661,1
4.869082430750524,4.432433132841186,1
3.527042348962127,6.368899024083969,1
2.452211106829301,7.045300979915705,1
6.10164559961917,5.11801297633387,1
5.9659628032869865,5.379299397674158,1
3.7155061827973155,5.511648800083012,1
5.779067335029529,2.859162760344346,1
3.615591863475957,5.480548197050371,1
1.7884494148991372,1.1026646268060816,0
5.619803899332958,5.759692491050959,1
3.9487644240228614,4.7936063959182045,1
5.543509986559793,4.560070940908403,1
1.7193847745576698,1.3365862722949804,0
0.5986684425327973,2.207360679696058,0
0.4753891181035649,2.3644423520758084,0
2.749825539787456,5.292895979449201,1
0.15578660293687185,2.3100671637508587,0
1.2713739746854382,1.9151032774669638,0
2.4738237206935385,4.823631689752513,1
2.2611857804553392,4.859712467350173,1
4.581415226606689,3.6691701769263485,1
4.472802115114005,6.264753776913281,1
1.989801915733835,6.551239574695769,1
1.608435727560415,1.4222269863409265,0
1.7056947436929408,3.1502266338700244,0
2.9283972146948782,4.045258505578755,1
0.8156424005767872,1.6616550620056887,0
4.353875086749933,4.409622843440688,1
3.2885336426073524,4.757374489344356,1
4.0179238863714275,5.515768343820426,1
4.377006832737668,4.900198841418434,1
5.662945963933257,5.615083515381879,1
2.567602551357899,1.8965422763446032,0
2.778454212616829,2.2160688779912134,0
3.6852855025033677,5.956371031958299,1
3.3529693927483115,5.949077656483664,1
2.617888114113487,2.76615696046043,0
0.6809533577674877,1.206222893309591,0
4.030524838442598,4.499635500512567,1
1.4961599530245013,2.2764852893461467,0
4.837354235533983,6.315796281355924,1
-0.4614476291970284,2.994199712141987,0
2.4426017629038075,5.910755871853711,1
2.914633336524012,4.369411329495389,1
0.890992987322456,2.3690724083913697,0
4.141021710728722,4.467903049594598,1
3.5726041270997464,4.011113035084518,1
3.5439728749557884,4.510870804889786,1
4.606135332549925,3.4693031728683508,1
4.4084611533084495,4.807100211870867,1
1.2212891469449276,1.9598343908493039,0
4.1488684614932865,5.410147155808171,1
5.315679606404946,5.795484187100174,1
3.26671754219848,5.634825326104036,1
4.257608954762749,5.158246255479574,1
-0.6048742413032284,0.4368501560768172,0
4.821921198546683,4.922578137276055,1
4.510828373565189,4.418628703072748,1
1.183879391574761,2.907624536817333,0
3.03686490382927,6.536815652089821,1
3.763806841511728,4.284782199147613,1
3.0003962955767864,4.8350334901424805,1
1.187155209927478,0.10618658605412068,0
4.114830541086604,5.528661369364859,1
3.465657575088819,5.03680380927119,1
0.8370278844474373,0.8240958414278332,0
3.728534383964748,6.470002321471049,1
2.78049798999449,6.4698415497056505,1
5.505911256054014,4.656737027728961,1
0.23855158917485386,-0.9708263819406762,0
0.8118811004502651,1.826780629987438,0
1.3732726948371436,2.504518072931462,0
4.744065629787212,3.3807321973025166,1
2.548766688701122,5.4178823424358376,1
3.2504075199931615,3.848250327732874,1
5.030878597121861,5.059972447674554,1
4.057184057987868,4.751468691821007,1
4.53658661872516,5.497815020954695,1
5.107795934915934,4.778033779824172,1
6.045414771967554,6.190479808563414,1
0.4217975983119566,3.897543610331483,0
3.5840290609812167,3.6366697542223507,1
3.2759400770544573,6.429640351100812,1
4.720547158817476,4.007596852069548,1
2.2096224232997037,3.2907472291235247,0
4.0014926247395755,4.148963546269406,1
4.404591827357781,5.9490530493029805,1
2.1656035006820815,2.769816300925987,0
-0.02090315592240355,1.4675058234172242,0
4.143913913456547,4.875792196196882,1
1.1234532223195668,2.7307594391926386,0
1.5154203244711235,3.868728358842115,0
3.7837665840620867,4.097036673448466,1
3.2847703826957466,5.247705413849009,1
-0.2819822548160309,-0.18992013549858067,0
3.539193626714937,4.212112067170755,1
5.142183280276012,6.099557372662576,1
3.284394328001589,6.428900557081125,1
6.685588799921419,4.4602776300361695,1
0.40349875472407937,1.754895758965139,0
4.726941093930696,5.668637663638333,1
3.8800949298068304,3.374810789363357,1
2.4457829604380046,5.8928456062572705,1
